sgRNA_ID	sgRNA_seq	Mut_type	Domain	Mutation_list	sgRNA_score	Gene
DNMT3A2_709	TGTGGTGTGGTTGATCGCAA	No Mutation	Intergenic Control		-0.149420333001957	DNMT3A
DNMT3A2_703	CTCTGGAAGACTTTAGCCGC	No Mutation	Intergenic Control		-0.228158902401465	DNMT3A
DNMT3A2_715	TGGGCCTCTGTAAACGGCAC	No Mutation	Intergenic Control		-0.189582135230487	DNMT3A
DNMT3A2_708	TCACCAGGGATAGCCCCATA	No Mutation	Intergenic Control		-0.142536324038825	DNMT3A
DNMT3A2_717	CCCGGCGTACAGCCTATCCG	No Mutation	Intergenic Control		-0.000490069909398871	DNMT3A
DNMT3A2_711	CCATGGTTTAGACACAACGG	No Mutation	Intergenic Control		-0.0824350453110409	DNMT3A
DNMT3A2_705	TGGTCCATTCCATTGCGACT	No Mutation	Intergenic Control		0.160015057078919	DNMT3A
DNMT3A2_716	TGATATCTGTTCACTACGGT	No Mutation	Intergenic Control		-0.217836533121591	DNMT3A
DNMT3A2_726	TATAGGGGAACCCATACGTA	No Mutation	Intergenic Control		-0.146867327784295	DNMT3A
DNMT3A2_722	CAAGTCTACGCAGCCGTAAG	No Mutation	Intergenic Control		0.0176158002689444	DNMT3A
DNMT3A2_724	TAGGCAAAATGACGCTCACT	No Mutation	Intergenic Control		0.135080300444264	DNMT3A
DNMT3A2_710	GGTGCTGTTAATTTCCGTTG	No Mutation	Intergenic Control		0.0239236068316492	DNMT3A
DNMT3A2_718	GCCTCGTGGGATGCGTTGTG	No Mutation	Intergenic Control		-0.0907281628332618	DNMT3A
DNMT3A2_729	AGTTGACAGCCTGAACCGGT	No Mutation	Intergenic Control		-0.0930828442312278	DNMT3A
DNMT3A2_720	TCGTAGTGTATTACGATGCT	No Mutation	Intergenic Control		0.141977328380837	DNMT3A
DNMT3A2_721	TGGCTAGACTATACGTTGTG	No Mutation	Intergenic Control		0.0441662077791953	DNMT3A
DNMT3A2_723	TGGGTTGGATGCCACTAACC	No Mutation	Intergenic Control		-0.18861555026463	DNMT3A
DNMT3A2_727	TATTGCGAACCGAATGTACG	No Mutation	Intergenic Control		0.762329621473601	DNMT3A
DNMT3A2_701	TAGTTATGTAGACGTCCTGC	No Mutation	Intergenic Control		-0.165031405488227	DNMT3A
DNMT3A2_704	GACACAAGTGTGAACGTTCG	No Mutation	Intergenic Control		0.215451978483584	DNMT3A
DNMT3A2_712	CCAGGGACAGGACTTACGGT	No Mutation	Intergenic Control		-0.017959920431479	DNMT3A
DNMT3A2_706	TGGGATGAGGACTATACCTT	No Mutation	Intergenic Control		0.0684664588765109	DNMT3A
DNMT3A2_713	CCGGCTCCCATGCGGCAACC	No Mutation	Intergenic Control		0.101983271067262	DNMT3A
DNMT3A2_728	CAGGCCATTATAACGTAATG	No Mutation	Intergenic Control		-0.361193637513531	DNMT3A
DNMT3A2_725	CTCCTTGCTGGCGATCAATG	No Mutation	Intergenic Control		0.252442277122378	DNMT3A
DNMT3A2_714	GGAGTAAACCCGCATGATGG	No Mutation	Intergenic Control		-0.320339967928311	DNMT3A
DNMT3A2_702	CCGTGTGGGTATATGACTCG	No Mutation	Intergenic Control		0.10923335666349	DNMT3A
DNMT3A2_707	CTGGGGGTTGGACTTTCGTG	No Mutation	Intergenic Control		0.184417482113901	DNMT3A
DNMT3A2_730	ATGTAGATGGCGCCCCCTTG	No Mutation	Intergenic Control		0.079878678441343	DNMT3A
DNMT3A2_719	CTGCCTGCCCTAACGTTGGA	No Mutation	Intergenic Control		0.097296734463848	DNMT3A
DNMT3A2_200	CAGGTGGCCAGCAGCCGCGC	Missense	Inter1	A376V	0.140958258270158	DNMT3A
DNMT3A2_418	TCTTCTCAGCTGGGACAGGT	Missense	Inter2	E629K	0.129979581442659	DNMT3A
DNMT3A2_117	CGGCCGGGGCTTTGGCATTG	Missense	Nterm	R288W	0.092985962077925	DNMT3A
DNMT3A2_493	CCCCAATCACCAGATCGAAT	Missense	MTase	G706R	0.140087524025074	DNMT3A
DNMT3A2_646	TGACTGGCACGCTCCATGAC	Missense	MTase	V897I	0.0952656972864633	DNMT3A
DNMT3A2_473	AAGCATGTATGTCCATGCTG	Missense	MTase	H694Y	0.088147733719095	DNMT3A
DNMT3A2_392	TCGCCGCCGCAGCAGCCCGT	Missense	ADD	R596Q, R597Q	0.114015422267967	DNMT3A
DNMT3A2_379	CAGCCATTAAGGAAGACCCC	Missense	ADD	A575V	0.127162382487333	DNMT3A
DNMT3A2_049	CCTTGGCTTTCTTCTCAGCC	Missense	Nterm	A218T	0.126433143072521	DNMT3A
DNMT3A2_499	GAGCAGGGTTGACGATGGAG	Missense	MTase	A719T	-0.131719463214987	DNMT3A
DNMT3A2_131	GGCCAGGCCGCATTGTGTCT	Missense	PWWP	P307L	-0.0592154661625076	DNMT3A
DNMT3A2_054	GAATGCTGTGGAAGAAAACC	Missense	Nterm	A226V	0.106150068012576	DNMT3A
DNMT3A2_047	TTGGCTTTCTTCTCAGCCTG	Missense	Nterm	A218T	-0.138711138750016	DNMT3A
DNMT3A2_053	CATTGCAGGAATGAATGCTG	Missense	Nterm	A222V	0.117174239572894	DNMT3A
DNMT3A2_371	TGGACCTCTTGGTGGGGCCG	Missense	ADD	L565F	0.115934681970831	DNMT3A
DNMT3A2_282	TACACCAGCCGCTCTGCAAG	Missense	Inter1	V480M	0.12966959999674	DNMT3A
DNMT3A2_340	GGTAGCCGTCGTCGTCGTAC	Missense	ADD	G532N	-1.16070577148776	DNMT3A
DNMT3A2_505	CCTGCTCGCAAGGGCCTCTA	Missense	MTase	A719V, R720C	0.147060865569849	DNMT3A
DNMT3A2_492	GCCCATTCGATCTGGTGATT	Missense	MTase	P700L	0.142697457875568	DNMT3A
DNMT3A2_214	GAACAAGCCCATGATTGAAT	Missense	Inter1	P405S	0.225341412166847	DNMT3A
DNMT3A2_081	GGCTACCACGCCTGAGCCCG	Missense	Nterm	T260I	0.223513044781161	DNMT3A
DNMT3A2_201	AGGTGGCCAGCAGCCGCGCG	Missense	Inter1	A376V	0.222842380284928	DNMT3A
DNMT3A2_228	GCCTTCTGGCCCTAAGGGCC	Missense	Inter1	S417F	0.220885431136753	DNMT3A
DNMT3A2_083	CTACCACGCCTGAGCCCGTG	Missense	Nterm	T260I, T261M	0.219471421614127	DNMT3A
DNMT3A2_350	TTCCGCACATGAGCACCTCA	Missense	ADD	M548I, C549Y, G550R	0.210948545631796	DNMT3A
DNMT3A2_530	GGGGCGATCATCTCCCTCCT	Missense	MTase	R749H	-0.160478048737389	DNMT3A
DNMT3A2_283	GTACACCAGCCGCTCTGCAA	Missense	Inter1	V480I	-0.158632025446573	DNMT3A
DNMT3A2_139	TGCCTTCAGCTGCTCGGCTC	Missense	PWWP	E323K, G324S	0.193126077407164	DNMT3A
DNMT3A2_261	CTTCTCCGCTGTGCTCTTCC	Missense	Inter1	E463K	0.187420844905847	DNMT3A
DNMT3A2_064	CTCCACCTTCTGAGACTCCC	Missense	Nterm	V239I	0.186767531331288	DNMT3A
DNMT3A2_055	AATGCTGTGGAAGAAAACCA	Missense	Nterm	A226V	0.142363531572852	DNMT3A
DNMT3A2_500	CTTGCGAGCAGGGTTGACGA	Missense	MTase	R720H	0.177469630549394	DNMT3A
DNMT3A2_063	TCCACCTTCTGAGACTCCCC	Missense	Nterm	V239M	0.172133823179322	DNMT3A
DNMT3A2_173	TAGATGGCTTTGCGGTACAT	Missense	Inter1	A368T	0.168603149290704	DNMT3A
DNMT3A2_166	AGCTTCTCAACACACACCTG	Missense	PWWP	E342K	0.164063764525943	DNMT3A
DNMT3A2_082	GCTACCACGCCTGAGCCCGT	Missense	Nterm	T260I, T261M	-0.147154760412564	DNMT3A
DNMT3A2_394	TGCTGCGGCGGCGAGAGGAC	Missense	ADD	R596W	0.16340118886109	DNMT3A
DNMT3A2_390	AGGGTACCTACGGGCTGCTG	Missense	ADD	T591I	-0.146891317476203	DNMT3A
DNMT3A2_641	GCAGTCTCTGCCTCGCCAAG	Missense	MTase	R887K	0.153900414512866	DNMT3A
DNMT3A2_143	AAGGCACCCGCTGGGTCATG	Missense	PWWP	T325I	0.153791447999427	DNMT3A
DNMT3A2_116	ACGGCCGGGGCTTTGGCATT	Missense	Nterm	R288W	0.152016509481715	DNMT3A
DNMT3A2_612	CTGGTCTTTGCCCTGCTTTA	Missense	MTase	D845N	-0.118809813811977	DNMT3A
DNMT3A2_528	CATGATGCGCGGCCCAAGGA	Missense	MTase	A741V	0.145634470183489	DNMT3A
DNMT3A2_451	TGCCCAAGTCCTTCAGCACC	Missense	MTase	G654S	0.176934489860131	DNMT3A
DNMT3A2_074	TAGCCACAGTGGGGGATGCG	Missense	Nterm	V258I, A259T	0.0843604346716702	DNMT3A
DNMT3A2_420	CACCTGTCCCAGCTGAGAAG	Missense	Inter2	P625L	0.0746697986679557	DNMT3A
DNMT3A2_369	TGTGGACCTCTTGGTGGGGC	Missense	ADD	L565F	-0.113881813045634	DNMT3A
DNMT3A2_347	CTCACGGCCCCCACAGCAGA	Missense	ADD	G543D, R544H	0.00811243766670893	DNMT3A
DNMT3A2_553	CTTTGGCATCAATCATCACA	Missense	MTase	A782T	0.00430830707748597	DNMT3A
DNMT3A2_216	CCCAGGGCCCATTCAATCAT	Missense	Inter1	A410T	-0.000861541985897107	DNMT3A
DNMT3A2_285	TGCAGAGCGGCTGGTGTACG	Missense	Inter1	R478W	-0.000904291703414744	DNMT3A
DNMT3A2_419	CTCTTCTCAGCTGGGACAGG	Missense	Inter2	E629K	-0.00281196957066487	DNMT3A
DNMT3A2_389	GCGGGCACAAGGGTACCTAC	Missense	ADD	H588Y	-0.00736176164146457	DNMT3A
DNMT3A2_454	GGTGGACCGCTACATTGCCT	Missense	MTase	R659C	-0.00928035131297011	DNMT3A
DNMT3A2_606	CTTTGCTGAACTAGATGAAG	Missense	MTase	S828N	-0.0769858927931723	DNMT3A
DNMT3A2_256	GGTGCGTAGGCAGCTGCCTC	Missense	Inter1	A449T	-0.0125368266088282	DNMT3A
DNMT3A2_165	GCTTCTCAACACACACCTGG	Missense	PWWP	E342K	-0.0128292771681303	DNMT3A
DNMT3A2_202	CAGCTTCCCCGCGCGGCTGC	Missense	Inter1	G381E	-0.0176244317034026	DNMT3A
DNMT3A2_085	GCATCGGACCCCACGGGCTC	Missense	Nterm	D268N	-0.0177072901348733	DNMT3A
DNMT3A2_144	ACCCGCTGGGTCATGTGGTT	Missense	PWWP	R326C	0.00872261187328626	DNMT3A
DNMT3A2_373	CAGCCCCCGGCCCCACCAAG	Missense	ADD	G570K, A571T	-0.0185353480820715	DNMT3A
DNMT3A2_205	CATCGCTGTCGTGGCACACC	Missense	Inter1	S390N, D391N	-0.018652962977444	DNMT3A
DNMT3A2_141	GAGCAGCTGAAGGCACCCGC	Missense	PWWP	A321V, A322V	-0.0749224801882638	DNMT3A
DNMT3A2_089	TCCCCAGCATCGGACCCCAC	Missense	Nterm	A269T, G270K	-0.0214092658596609	DNMT3A
DNMT3A2_396	AAGAACATCTGGAGCCGGGA	Missense	ADD	M607I	-0.0218466935234554	DNMT3A
DNMT3A2_084	GGACCCCACGGGCTCAGGCG	Missense	Nterm	G266K	-0.0247148749083537	DNMT3A
DNMT3A2_227	GGCCCTTAGGGCCAGAAGGC	Missense	Inter1	G421S	-0.026687414173312	DNMT3A
DNMT3A2_056	ATGCTGTGGAAGAAAACCAG	Missense	Nterm	A226V	-0.0310938317788255	DNMT3A
DNMT3A2_050	CCAGGCTGAGAAGAAAGCCA	Missense	Nterm	A214V	-0.0700764207693211	DNMT3A
DNMT3A2_315	CTGGAACACCCCCTCTTCGT	Missense	ADD	H506Y	-0.0363148277233993	DNMT3A
DNMT3A2_384	CCCGCACATGTAGCAGTTCC	Missense	ADD	M585I, C586Y	-0.067538165365233	DNMT3A
DNMT3A2_643	TTGGCGAGGCAGAGACTGCT	Missense	MTase	A884V	-0.0380733788009592	DNMT3A
DNMT3A2_048	CTTGGCTTTCTTCTCAGCCT	Missense	Nterm	A218T	-0.0630145095877706	DNMT3A
DNMT3A2_268	ATGAGCGCACAAGAGGTAGT	Missense	Inter1	R474C	-0.0185739864298579	DNMT3A
DNMT3A2_374	GGTGGGGCCGGGGGCTGCCC	Missense	ADD	P569S	0.0841922462290673	DNMT3A
DNMT3A2_090	GTCCCCAGCATCGGACCCCA	Missense	Nterm	G270K	0.0116684234364424	DNMT3A
DNMT3A2_370	GTGGACCTCTTGGTGGGGCC	Missense	ADD	L565F	0.0162545268418093	DNMT3A
DNMT3A2_642	CTTGGCGAGGCAGAGACTGC	Missense	MTase	A884V	0.0821368572060629	DNMT3A
DNMT3A2_061	GGGGCCCGGGGAGTCTCAGA	Missense	Nterm	P233F	0.0818160267820693	DNMT3A
DNMT3A2_585	GTGGATGCCAACGGCCTAGG	Missense	MTase	A806T	0.0790109075447692	DNMT3A
DNMT3A2_259	AAAGCCCCGGAAGAGCACAG	Missense	Inter1	P457F, R458W	0.0753901888500893	DNMT3A
DNMT3A2_314	CAACGAAGAGGGGGTGTTCC	Missense	ADD	V510I	0.0662268606592734	DNMT3A
DNMT3A2_349	GGCCGTGAGGTGCTCATGTG	Missense	ADD	R544C	-0.109308317339689	DNMT3A
DNMT3A2_086	GAGCCCGTGGGGTCCGATGC	Missense	Nterm	P264F	-0.106591033280666	DNMT3A
DNMT3A2_094	TGGCTCGTCATCGCCTGCTT	Missense	Nterm	E281K	0.0526423611054691	DNMT3A
DNMT3A2_311	TGGGAGCCTCAATGTTACCC	Missense	ADD	L500F	-0.0982713903366019	DNMT3A
DNMT3A2_391	GTACCTACGGGCTGCTGCGG	Missense	ADD	T591I	0.0510319007777784	DNMT3A
DNMT3A2_130	CACAATGCGGCCTGGCCACC	Missense	PWWP	R309H	0.0510024359800064	DNMT3A
DNMT3A2_196	GCGGCTGCTGGCCACCTGGA	Missense	Inter1	S377N, S378N	0.0500048838725557	DNMT3A
DNMT3A2_204	CCGCGCGGGGAAGCTGTTCC	Missense	Inter1	A380V	0.0155572999314308	DNMT3A
DNMT3A2_076	GGTAGCCACAGTGGGGGATG	Missense	Nterm	A259T	0.0478275090894164	DNMT3A
DNMT3A2_375	ATGGCTGCCTGGGCAGCCCC	Missense	ADD	A574T, A575T	0.0456260436461496	DNMT3A
DNMT3A2_468	CGACGTACATGATCTTCCCC	Missense	MTase	M682I, V684I	0.042092969981587	DNMT3A
DNMT3A2_114	TGCCAAAGCCCCGGCCGTCC	Missense	Nterm	G291S	0.0412464379633472	DNMT3A
DNMT3A2_087	AGCCCGTGGGGTCCGATGCT	Missense	Nterm	P264L	0.0388018967141975	DNMT3A
DNMT3A2_138	GGCCGGAGCCGAGCAGCTGA	Missense	PWWP	R318W	0.0363585446465684	DNMT3A
DNMT3A2_096	GAGCCAGAGTACGAGGTGAG	Missense	Nterm	P282L	0.0355762949003426	DNMT3A
DNMT3A2_197	CGCGGCTGCTGGCCACCTGG	Missense	Inter1	S378N	0.0335690802060983	DNMT3A
DNMT3A2_489	GATCGAATGGGCCCCACTCC	Missense	MTase	D702N	-0.0960849356895399	DNMT3A
DNMT3A2_093	CTCGTCATCGCCTGCTTTGG	Missense	Nterm	D280N	-0.0886722872157641	DNMT3A
DNMT3A2_198	CCGCGCGGCTGCTGGCCACC	Missense	Inter1	R379H, A380T	0.021239872304833	DNMT3A
DNMT3A2_555	GTGTGCAGCTGACACTTCTT	Missense	MTase	A788T	-0.0872899536911504	DNMT3A
DNMT3A2_397	GAAGAACATCTGGAGCCGGG	Missense	ADD	M607I	0.0181729822107813	DNMT3A
DNMT3A2_554	TCTTTGGCATCAATCATCAC	Missense	MTase	A782T	0.0473816189364809	DNMT3A
DNMT3A2_495	CCCCCAATCACCAGATCGAA	Missense	MTase	G706K	0.235266861596982	DNMT3A
DNMT3A2_630	CAAATACCCTGGGGGAGAAA	Missense	MTase	V867I	-0.0591656528241651	DNMT3A
DNMT3A2_533	TTCTCAAAGAGCCAGAAGAA	Missense	MTase	E756K	1.25018718000907	DNMT3A
DNMT3A2_210	TGACACTGCCAAGGCCGTGG	Missense	Inter1	T395I	0.439321409979549	DNMT3A
DNMT3A2_133	CAGGCCGCATTGTGTCTTGG	Missense	PWWP	R309C	0.438950111444403	DNMT3A
DNMT3A2_336	AAGCAGTTCTAGACAGCAGC	Missense	ADD	C520Y	0.915777268859772	DNMT3A
DNMT3A2_382	CCGCACATGTAGCAGTTCCA	Missense	ADD	M585I, C586Y	-0.256961679035868	DNMT3A
DNMT3A2_137	TGTCTTGGTGGATGACGGGC	Missense	PWWP	S312F	0.956100247772697	DNMT3A
DNMT3A2_536	CTGGCTCTTTGAGAATGTGG	Missense	MTase	L754F	0.435674528061355	DNMT3A
DNMT3A2_417	GGGACAGGTGGGTAAACCTT	Missense	Inter2	V626I	-0.257446118364466	DNMT3A
DNMT3A2_458	GGAGTCCTCACACACCTCCG	Missense	MTase	D668N	1.04814407100061	DNMT3A
DNMT3A2_149	AAATTCTCAGTGGTAAGTTG	Missense	PWWP	S337L	1.07630606559591	DNMT3A
DNMT3A2_207	TGTCACTCTCATCGCTGTCG	Missense	Inter1	S393N, D394N	-0.268350997485079	DNMT3A
DNMT3A2_073	TGACCCCGCATCCCCCACTG	Missense	Nterm	P253F	-0.297736368129547	DNMT3A
DNMT3A2_650	CCACCTCTTCGCTCCGCTGA	Missense	MTase	L901F	0.415047514481243	DNMT3A
DNMT3A2_364	ACACTCCACGCAAAAGCACC	Missense	ADD	E561K	-0.217726839110664	DNMT3A
DNMT3A2_520	GCCGGCCAGTGCCCTCTGAG	Missense	MTase	G728N	1.13375567775252	DNMT3A
DNMT3A2_529	GGGCGATCATCTCCCTCCTT	Missense	MTase	D748N, R749H	0.409087087316664	DNMT3A
DNMT3A2_115	GACGGCCGGGGCTTTGGCAT	Missense	Nterm	R288W	0.408560971053592	DNMT3A
DNMT3A2_118	GCTCCCCAATGCCAAAGCCC	Missense	PWWP	G293K, E294K	1.21161357040842	DNMT3A
DNMT3A2_552	GGCATCAATCATCACAGGGT	Missense	MTase	D781N	-0.298169869748337	DNMT3A
DNMT3A2_051	AAGAAAGCCAAGGTCATTGC	Missense	Nterm	A218V	0.396816276431558	DNMT3A
DNMT3A2_136	ATTGTGTCTTGGTGGATGAC	Missense	PWWP	S312F	0.396796150151722	DNMT3A
DNMT3A2_653	TTGCGTGTGTGTAAGGGACA	Missense	MTase	A910V	0.3923436864285	DNMT3A
DNMT3A2_372	GGACCTCTTGGTGGGGCCGG	Missense	ADD	L565F	0.391892162239343	DNMT3A
DNMT3A2_535	CTTCTGGCTCTTTGAGAATG	Missense	MTase	L754F	0.391028308237324	DNMT3A
DNMT3A2_284	CGTACACCAGCCGCTCTGCA	Missense	Inter1	V480I	0.382961514376255	DNMT3A
DNMT3A2_652	CACGCAAAATACTCCTTCAG	Missense	MTase	A910T	0.382505981748281	DNMT3A
DNMT3A2_258	CTCCACCAGCCAAAAAGCCC	Missense	Inter1	P452L, P453L	0.378535709167841	DNMT3A
DNMT3A2_636	GAGACGTCAGTATAGTGGAC	Missense	MTase	D876N, V877I	1.2652168699013	DNMT3A
DNMT3A2_206	TCATCGCTGTCGTGGCACAC	Missense	Inter1	S390N, D391N	-0.21392551202695	DNMT3A
DNMT3A2_462	GGACTCCATCACGGTGGGCA	Missense	MTase	S669F	1.3130930685326	DNMT3A
DNMT3A2_638	CGTCTCCAACATGAGCCGCT	Missense	MTase	S878F	0.44396217003772	DNMT3A
DNMT3A2_346	TACTGCACCATCTGCTGTGG	Missense	ADD	T538I	0.444427047975043	DNMT3A
DNMT3A2_524	TGGGCCGCGCATCATGCAGG	Missense	MTase	R742Q	0.447142483743247	DNMT3A
DNMT3A2_635	AGACGTCAGTATAGTGGACT	Missense	MTase	D876N, V877I	0.912735799675051	DNMT3A
DNMT3A2_281	ACCAGCCGCTCTGCAAGGGG	Missense	Inter1	R478Q	0.690205783041574	DNMT3A
DNMT3A2_109	CCGGCCGTCCTGGAGCCCCA	Missense	Nterm	G287N	0.657807551405655	DNMT3A
DNMT3A2_588	ATCCACTGTGAATGATAAGC	Missense	MTase	T808I	0.691161247248188	DNMT3A
DNMT3A2_316	GAACACCCCCTCTTCGTTGG	Missense	ADD	H506Y, P507F	0.623664033880879	DNMT3A
DNMT3A2_175	GTACCGCAAAGCCATCTACG	Missense	Inter1	R366C	0.596685615161994	DNMT3A
DNMT3A2_614	TCTTTCTCATTCATGAAGAC	Missense	MTase	E854K	0.705059418698608	DNMT3A
DNMT3A2_464	CCATCACGGTGGGCATGGTG	Missense	MTase	T671M	0.714198954687721	DNMT3A
DNMT3A2_457	CATTGCCTCGGAGGTGTGTG	Missense	MTase	A662V	0.58849549242193	DNMT3A
DNMT3A2_388	TGCGGGCACAAGGGTACCTA	Missense	ADD	H588Y	0.570403173249423	DNMT3A
DNMT3A2_164	CTTCTCAACACACACCTGGG	Missense	PWWP	E342K	0.543951549028049	DNMT3A
DNMT3A2_611	AGGTCAAACTCCATAAAGCA	Missense	MTase	S837L	0.533211932478858	DNMT3A
DNMT3A2_566	CCTTCCCGGTATGAACAGGT	Missense	MTase	P799F	0.797565359017803	DNMT3A
DNMT3A2_318	CACATTCCTCCAACGAAGAG	Missense	ADD	G512K	0.822615399216182	DNMT3A
DNMT3A2_491	GGCCCATTCGATCTGGTGAT	Missense	MTase	P700L	0.84209697766171	DNMT3A
DNMT3A2_151	ATTCTCAGTGGTAAGTTGTG	Missense	PWWP	S337L	1.34341624975783	DNMT3A
DNMT3A2_455	GGACCGCTACATTGCCTCGG	Missense	MTase	R659C	0.240331170916878	DNMT3A
DNMT3A2_128	AACTGCGGGGCTTCTCCTGG	Missense	PWWP	R301W	0.520849943285683	DNMT3A
DNMT3A2_434	TCGCTACAGGTGAGGGGTGC	Missense	MTase	A644V, T645I	0.85158807180837	DNMT3A
DNMT3A2_463	CCGCACCATGCCCACCGTGA	Missense	MTase	M674I, V675I	0.51735520397923	DNMT3A
DNMT3A2_587	TCATTCACAGTGGATGCCAA	Missense	MTase	V809I	0.508529381638	DNMT3A
DNMT3A2_564	GTAACCTTCCCGGTATGAAC	Missense	MTase	L798F	0.863492384050997	DNMT3A
DNMT3A2_150	AATTCTCAGTGGTAAGTTGT	Missense	PWWP	S337L	0.863940018895282	DNMT3A
DNMT3A2_075	GTAGCCACAGTGGGGGATGC	Missense	Nterm	V258I, A259T	-0.232275089278831	DNMT3A
DNMT3A2_169	GCACTGCAAAACGAGCTCAG	Missense	Inter1	C351Y, S352N	-0.233345786741963	DNMT3A
DNMT3A2_651	ACTCCTTCAGCGGAGCGAAG	Missense	MTase	E907K	0.507913692992932	DNMT3A
DNMT3A2_337	AAAGCAGTTCTAGACAGCAG	Missense	ADD	C520Y	0.49586177599459	DNMT3A
DNMT3A2_523	GCCGCGCATCATGCAGGAGG	Missense	MTase	A741T	0.492193728288991	DNMT3A
DNMT3A2_639	CCTCGCCAAGCGGCTCATGT	Missense	MTase	A884T	0.465642408486692	DNMT3A
DNMT3A2_631	TGGGAAACCAAATACCCTGG	Missense	MTase	G869D	0.909494547965452	DNMT3A
DNMT3A2_363	TCCACGCAAAAGCACCTGGA	Missense	ADD	C559Y, V560M	0.452212908898866	DNMT3A
DNMT3A2_561	AAGGTTACCCCAGAAGTAGC	Missense	MTase	G796D	0.5288955878978	DNMT3A
DNMT3A2_534	ATTCTCAAAGAGCCAGAAGA	Missense	MTase	E756K	1.35693784054489	DNMT3A
DNMT3A2_317	ACATTCCTCCAACGAAGAGG	Missense	ADD	G512K	0.684537383362138	DNMT3A
DNMT3A2_428	CATCAAAGAGAGACAGCACC	Missense	MTase	D641N	1.45568175614166	DNMT3A
DNMT3A2_526	CCTGCATGATGCGCGGCCCA	Missense	MTase	H739Y	0.2804199252066	DNMT3A
DNMT3A2_229	TCCAGGCCCTTAGGGCCAGA	Missense	Inter1	G421N	-0.200537373884484	DNMT3A
DNMT3A2_263	GAGCACAGCGGAGAAGCCCA	Missense	Inter1	T461I	0.275037796914569	DNMT3A
DNMT3A2_310	GGTAACATTGAGGCTCCCAC	Missense	ADD	V502I	-0.407768432173724	DNMT3A
DNMT3A2_343	CCCACAGCAGATGGTGCAGT	Missense	ADD	C540Y, C541Y	-0.469470668428329	DNMT3A
DNMT3A2_456	ACACCTCCGAGGCAATGTAG	Missense	MTase	E664K, V665M	1.73552244072437	DNMT3A
DNMT3A2_522	ACCGCCTCCTGCATGATGCG	Missense	MTase	L737F	1.59845311467691	DNMT3A
DNMT3A2_052	ATTCATTCCTGCAATGACCT	Missense	Nterm	G223E, M224I	0.329716347302039	DNMT3A
DNMT3A2_235	AGCCACCAGAAGGTAAATGA	Missense	Inter1	P424L, P425L	0.330926060052559	DNMT3A
DNMT3A2_319	GCACATTCCTCCAACGAAGA	Missense	ADD	G512E, M513I	0.290734927016388	DNMT3A
DNMT3A2_307	CCACAGGAGATGCAGATGTC	Missense	ADD	C497Y	0.276820887018008	DNMT3A
DNMT3A2_234	GAGCCACCAGAAGGTAAATG	Missense	Inter1	P424L, P425L	0.29793212486215	DNMT3A
DNMT3A2_381	CGCACATGTAGCAGTTCCAG	Missense	ADD	M585I	-0.397556923811152	DNMT3A
DNMT3A2_378	GGTCTTCCTTAATGGCTGCC	Missense	ADD	E578K, D579N	0.258742528692207	DNMT3A
DNMT3A2_399	TAGCGAAGAACATCTGGAGC	Missense	ADD	A610T	-0.183414411032781	DNMT3A
DNMT3A2_610	GAGGTCAAACTCCATAAAGC	Missense	MTase	S837L	0.347896175974475	DNMT3A
DNMT3A2_312	GGTGTTCCAGGGTAACATTG	Missense	ADD	E505K	-0.388036335740544	DNMT3A
DNMT3A2_401	CTTCGCTAATAACCACGACC	Missense	ADD	A610V	0.302645304382261	DNMT3A
DNMT3A2_320	GGCACATTCCTCCAACGAAG	Missense	ADD	M513I	0.251298427554882	DNMT3A
DNMT3A2_518	GCCAGTGCCCTCTGAGAGGT	Missense	MTase	G726D	0.24998603954941	DNMT3A
DNMT3A2_262	GCTTCTCCGCTGTGCTCTTC	Missense	Inter1	E463K	-0.182082367155528	DNMT3A
DNMT3A2_142	AGCAGCTGAAGGCACCCGCT	Missense	PWWP	A322V	0.246073588702112	DNMT3A
DNMT3A2_594	GGAGCATGGCAGGATAGCCA	Missense	MTase	H821Y	0.28207928596296	DNMT3A
DNMT3A2_176	GGACCTCGTAGATGGCTTTG	Missense	Inter1	E371K, V372I	0.354226006790893	DNMT3A
DNMT3A2_560	CACAGGGCCCGCTACTTCTG	Missense	MTase	A791V	0.363927811780766	DNMT3A
DNMT3A2_377	GTCTTCCTTAATGGCTGCCT	Missense	ADD	E578K	0.365088047034958	DNMT3A
DNMT3A2_260	TTCTCCGCTGTGCTCTTCCG	Missense	Inter1	A462T, E463K	-0.371613696589828	DNMT3A
DNMT3A2_532	TCTCAAAGAGCCAGAAGAAG	Missense	MTase	E756K	1.63504724512201	DNMT3A
DNMT3A2_448	TGCAGGGCTCCTGGTGCTGA	Missense	MTase	L647F	0.307801284467316	DNMT3A
DNMT3A2_421	TTCCTCTTCTCAGCTGGGAC	Missense	Inter2	R631K	0.276734519306992	DNMT3A
DNMT3A2_182	GAGTGTCCCTGCTGGGAGCT	Intron	Intron		0.0232383044837062	DNMT3A
DNMT3A2_279	GCTCTCCTCCCCTTGCAGAG	Intron	Intron		-0.0409166861481152	DNMT3A
DNMT3A2_409	TGAGTGCTGGGCCTGGGGCG	Intron	Intron		-0.0652833532820135	DNMT3A
DNMT3A2_274	CTTCTGGAGAGGGTGGCACC	Intron	Intron		-0.0645329390923201	DNMT3A
DNMT3A2_332	TGCCGTTGAGGCCGGCCCTT	Intron	Intron		0.0179263820535288	DNMT3A
DNMT3A2_280	TCCTCCCCTTGCAGAGCGGC	Intron	Intron		-0.0397721616222471	DNMT3A
DNMT3A2_100	CAGCCGTGGCCAGCTCTTTC	Intron	Intron		0.0174884046659739	DNMT3A
DNMT3A2_276	CACCAGGAGGCCTGCATCCG	Intron	Intron		0.0229945357695533	DNMT3A
DNMT3A2_278	CTCTGCAAGGGGAGGAGAGC	Intron	Intron		0.861858934779462	DNMT3A
DNMT3A2_157	GTTTGGCAGTAGCCTGGGGT	Intron	Intron		-0.049829765424933	DNMT3A
DNMT3A2_271	AGTTGGCCTGCTTCTGGAGA	Intron	Intron		-0.0640467714718078	DNMT3A
DNMT3A2_577	GCCCACAGCCCCCCAGGCCC	Intron	Intron		-0.0565864108253546	DNMT3A
DNMT3A2_516	TTCTCTTCCGACCTCTCAGA	Intron	Intron		0.040593426906054	DNMT3A
DNMT3A2_006	TGGCCTTATGGGTAGGTTCC	Intron	5'-UTR		-0.0562485495570131	DNMT3A
DNMT3A2_549	CTCACTAATGGCTTCTACCT	Intron	Intron		0.0373561380922911	DNMT3A
DNMT3A2_438	ACAAGGCGGCCAGCACCTCT	Intron	Intron		-0.0551135947954126	DNMT3A
DNMT3A2_325	GGAGCACACCCACCCAGGAG	Intron	Intron		0.0356729463441918	DNMT3A
DNMT3A2_584	TCTTCTGCCTCCTAGGCCGT	Intron	Intron		-0.0546720265764961	DNMT3A
DNMT3A2_010	AGGTTCCTGGACGGAGCCCC	Intron	Intron		-0.0461677688216544	DNMT3A
DNMT3A2_446	GCTGTCTGCTGGCTGGTGCA	Intron	Intron		0.0331305375268366	DNMT3A
DNMT3A2_239	ATGAGGGCACCCAGCTTTCT	Intron	Intron		0.0309607134008244	DNMT3A
DNMT3A2_355	CCAGCTAAGGAGACCACTGG	Intron	Intron		-0.0521626193902151	DNMT3A
DNMT3A2_017	AGCCCCGGGGAGACCGGGGG	Intron	Intron		-0.0388450610854543	DNMT3A
DNMT3A2_596	CCAGCAGAGGTTCTAGACGC	Intron	Intron		-0.0909878035978401	DNMT3A
DNMT3A2_015	ACGGAGCCCCGGGGAGACCG	Intron	Intron		-0.0479847791756573	DNMT3A
DNMT3A2_330	GGCCTCAACGGCACCTCTCC	Intron	Intron		-0.0471013896162943	DNMT3A
DNMT3A2_162	AAGGCCTGGCTTGTCCCCCC	Intron	Intron		0.0280592265473867	DNMT3A
DNMT3A2_625	GTTGTGCTGGCATCTGGCTG	Intron	Intron		-0.0596351016568909	DNMT3A
DNMT3A2_045	GTGCAATGGGAGAATAACTG	Intron	Intron		-0.249572203830195	DNMT3A
DNMT3A2_443	GCCGCCTTGTCCCAGGATGG	Intron	Intron		-0.0368486756446775	DNMT3A
DNMT3A2_044	TGTGCAATGGGAGAATAACT	Intron	Intron		-0.575191887392657	DNMT3A
DNMT3A2_161	CAAGAACCTTCCCCCACCCC	Intron	Intron		-0.0295323344751818	DNMT3A
DNMT3A2_517	TCCGACCTCTCAGAGGGCAC	Intron	Intron		-0.00912917962994669	DNMT3A
DNMT3A2_025	AGGATTTCATTCTCCTTTGT	Intron	Intron		-0.028810211018181	DNMT3A
DNMT3A2_192	ACCCTGGCGTGTCACCCTCC	Intron	Intron		-0.0101894637056798	DNMT3A
DNMT3A2_476	ACGGGCTGCGCCCCACAGCA	Intron	Intron		-0.0285577669347933	DNMT3A
DNMT3A2_016	CGGAGCCCCGGGGAGACCGG	Intron	Intron		-0.0269683334545078	DNMT3A
DNMT3A2_604	TTCTCCCTGCCCCCCAGCAG	Intron	Intron		-0.097450392053476	DNMT3A
DNMT3A2_160	CAGTAGCCTGGGGTGGGGGA	Intron	Intron		-0.0082094103829656	DNMT3A
DNMT3A2_412	GAGCTCCCTTGGCTGAGCCT	Intron	Intron		-0.0132356528594718	DNMT3A
DNMT3A2_597	CCAGCGTCTAGAACCTCTGC	Intron	Intron		-0.0246688989861566	DNMT3A
DNMT3A2_179	CAGCAGGGACACTCACCTGC	Intron	Intron		-0.0233636943183578	DNMT3A
DNMT3A2_026	GGATTTCATTCTCCTTTGTA	Intron	Intron		-0.0760086720970988	DNMT3A
DNMT3A2_583	CAGTCTCTCTTCTGCCTCCT	Intron	Intron		-0.0165537095331113	DNMT3A
DNMT3A2_290	CAAACTTACCCTCAATGTTC	Intron	Intron		-0.021873028711863	DNMT3A
DNMT3A2_009	TAGGTTCCTGGACGGAGCCC	Intron	Intron		-0.304978104368901	DNMT3A
DNMT3A2_021	TCCCCGCCCCCGGTCTCCCC	Intron	Intron		-0.37081725470412	DNMT3A
DNMT3A2_515	TTTCTCTTCCGACCTCTCAG	Intron	Intron		-0.0147472754743368	DNMT3A
DNMT3A2_444	TAACGGTGCTGTCTGCTGGC	Intron	Intron		-0.0802878631847533	DNMT3A
DNMT3A2_098	AGCGGCTTCTTCACCAGCCG	Intron	Intron		-0.0314943256539165	DNMT3A
DNMT3A2_326	CAACGGCACCTCTCCTGGGT	Intron	Intron		-0.00273021166335424	DNMT3A
DNMT3A2_328	ACCCAGGAGAGGTGCCGTTG	Intron	Intron		0.0138064073389331	DNMT3A
DNMT3A2_581	GGGCTGTGGGCTGGGACTGC	Intron	Intron		0.0131346975090612	DNMT3A
DNMT3A2_579	GGCCTGGGGGGCTGTGGGCT	Intron	Intron		0.0122726518084834	DNMT3A
DNMT3A2_359	GGTCTCCTTAGCTGGGCCCC	Intron	Intron		-0.0372232242901279	DNMT3A
DNMT3A2_333	GGCCGAAGGGCCGGCCTCAA	Intron	Intron		-0.0187523708466023	DNMT3A
DNMT3A2_108	TGCTCCTTGGGGCTCCAGGA	Intron	Intron		0.011489358493621	DNMT3A
DNMT3A2_601	CGTCTAGAACCTCTGCTGGG	Intron	Intron		-0.0354300517027129	DNMT3A
DNMT3A2_241	GGGCAGGGGTCCCAGAAAGC	Intron	Intron		0.00964797184847959	DNMT3A
DNMT3A2_578	GGGCCTGGGGGGCTGTGGGC	Intron	Intron		0.00680549780466271	DNMT3A
DNMT3A2_014	GACGGAGCCCCGGGGAGACC	Intron	Intron		-0.0837493893973135	DNMT3A
DNMT3A2_356	CCTCCAGTGGTCTCCTTAGC	Intron	Intron		0.00491368165177763	DNMT3A
DNMT3A2_510	CACCAGCTGAGAAGGTGGAG	Intron	Intron		0.00454700919084366	DNMT3A
DNMT3A2_097	AAGCCGCTCACCTCGTACTC	Intron	Intron		-0.0327502120441859	DNMT3A
DNMT3A2_272	TGGCCTGCTTCTGGAGAGGG	Intron	Intron		-0.0747250045279698	DNMT3A
DNMT3A2_478	AGTGTGCAGGGAGGGGAAGA	Intron	Intron		-0.000328532754692661	DNMT3A
DNMT3A2_437	CAAGGCGGCCAGCACCTCTT	Intron	Intron		-0.0323316015540696	DNMT3A
DNMT3A2_300	GGAAAGCAGAGGGAGGGGAT	Intron	Intron		1.05901371651754	DNMT3A
DNMT3A2_113	CTCCAGGACGGCCGGGGCTT	Intron	Intron		-0.0671259072992023	DNMT3A
DNMT3A2_243	TGGATCTGCCTGGCGGGCAG	Intron	Intron		-0.178151228196271	DNMT3A
DNMT3A2_447	GCTGGCTGGTGCAGGGCTCC	Intron	Intron		-0.106456626697766	DNMT3A
DNMT3A2_159	TTGGCAGTAGCCTGGGGTGG	Intron	Intron		0.0422240959244415	DNMT3A
DNMT3A2_568	TTTCACCAACCTGTTCATAC	Intron	Intron		0.325337334873902	DNMT3A
DNMT3A2_189	AGGGTGACACGCCAGGGTTG	Intron	Intron		-0.14557039963086	DNMT3A
DNMT3A2_595	CTAGACGCTGGAGCTGACCT	Intron	Intron		0.341335046252497	DNMT3A
DNMT3A2_544	TATAGCCAGCAACCTTGGTT	Intron	Intron		0.145929341053383	DNMT3A
DNMT3A2_022	CTCCCCGCCCCCGGTCTCCC	Intron	Intron		0.34944497693922	DNMT3A
DNMT3A2_567	TTCACCAACCTGTTCATACC	Intron	Intron		0.351273992549109	DNMT3A
DNMT3A2_299	GAAAGCAGAGGGAGGGGATG	Intron	Intron		0.354106496254261	DNMT3A
DNMT3A2_112	TTGGGGCTCCAGGACGGCCG	Intron	Intron		0.139516607729379	DNMT3A
DNMT3A2_003	GGGGCTGCACCTGGCCTTAT	Intron	5'-UTR		0.137173747353239	DNMT3A
DNMT3A2_237	GGGTGCCCTCATTTACCTTC	Intron	Intron		-0.144916293460088	DNMT3A
DNMT3A2_602	TAGAACCTCTGCTGGGGGGC	Intron	Intron		0.157292600426328	DNMT3A
DNMT3A2_511	GCACCAGCTGAGAAGGTGGA	Intron	Intron		-0.143358068667619	DNMT3A
DNMT3A2_405	GCCCAGCACTCACAAATTCC	Intron	Intron		0.126010977805497	DNMT3A
DNMT3A2_358	GGCCCAGCTAAGGAGACCAC	Intron	Intron		0.119939623746969	DNMT3A
DNMT3A2_007	CGTCCAGGAACCTACCCATA	Intron	Intron		0.114315055377813	DNMT3A
DNMT3A2_184	CCTCCTCCGAGCTCCCAGCA	Intron	Intron		0.11411588560331	DNMT3A
DNMT3A2_411	GGCGCGGTCTCGAGCTCCCT	Intron	Intron		0.112101764137959	DNMT3A
DNMT3A2_362	TGCTCACTGGGTCTCCTTCC	Intron	Intron		0.111130909553614	DNMT3A
DNMT3A2_607	TCATCTAGTTCAGCAAAGTG	Intron	Intron		0.0421413128430532	DNMT3A
DNMT3A2_354	GAGGCTGTTGTGGCCTCCAG	Intron	Intron		0.103410945541227	DNMT3A
DNMT3A2_436	GGTGCAGGCCCAAGAGGTGC	Intron	Intron		0.0987487105708602	DNMT3A
DNMT3A2_236	TGCCCTCATTTACCTTCTGG	Intron	Intron		-0.125439276280699	DNMT3A
DNMT3A2_188	GAGGAGCCTAGAGCACTAGG	Intron	Intron		0.369601743430132	DNMT3A
DNMT3A2_603	AGAACCTCTGCTGGGGGGCA	Intron	Intron		0.157843065450191	DNMT3A
DNMT3A2_599	AGCGTCTAGAACCTCTGCTG	Intron	Intron		-0.198304283952382	DNMT3A
DNMT3A2_107	TTTCTGCTCCTTGGGGCTCC	Intron	Intron		-0.192610629920183	DNMT3A
DNMT3A2_582	CTGTGGGCTGGGACTGCAGG	Intron	Intron		0.231768192462847	DNMT3A
DNMT3A2_156	GGTTTGGCAGTAGCCTGGGG	Intron	Intron		0.25774944675597	DNMT3A
DNMT3A2_519	ACCTCTCAGAGGGCACTGGC	Intron	Intron		0.218773478173259	DNMT3A
DNMT3A2_600	GCGTCTAGAACCTCTGCTGG	Intron	Intron		0.260684957861578	DNMT3A
DNMT3A2_329	GCCTCAACGGCACCTCTCCT	Intron	Intron		0.211007305837297	DNMT3A
DNMT3A2_005	AGGAACCTACCCATAAGGCC	Intron	Intron		0.209770917533305	DNMT3A
DNMT3A2_019	CCCCGCCCCCGGTCTCCCCG	Intron	Intron		0.20125232380906	DNMT3A
DNMT3A2_273	GTGCCACCCTCTCCAGAAGC	Intron	Intron		0.199494035599742	DNMT3A
DNMT3A2_439	GGTGCTGGCCGCCTTGTCCC	Intron	Intron		0.197369059890062	DNMT3A
DNMT3A2_012	GTCTCCCCGGGGCTCCGTCC	Intron	Intron		0.279788147274175	DNMT3A
DNMT3A2_657	AGGGACATGGGGGCAAACTG	Intron	3'-UTR		-0.151026884482996	DNMT3A
DNMT3A2_027	ATTCTCCTTTGTAGGGATCC	Intron	Intron		0.28061874106918	DNMT3A
DNMT3A2_598	CAGCGTCTAGAACCTCTGCT	Intron	Intron		0.186198232329395	DNMT3A
DNMT3A2_296	CTGGCACTCCTAGTGTGGCA	Intron	Intron		0.184217239913595	DNMT3A
DNMT3A2_323	GTGCTCCTACCTTGCAGTTT	Intron	Intron		0.183732601691376	DNMT3A
DNMT3A2_442	GGCCGCCTTGTCCCAGGATG	Intron	Intron		0.178244117346497	DNMT3A
DNMT3A2_043	CTGTGCAATGGGAGAATAAC	Intron	Intron		-0.150171663662751	DNMT3A
DNMT3A2_509	GTCCCCTCCACCTTCTCAGC	Intron	Intron		0.172246295096977	DNMT3A
DNMT3A2_103	CCCCCGGAAAGAGCTGGCCA	Intron	Intron		-0.1497185305761	DNMT3A
DNMT3A2_575	TGAAAGCTCCTGGGCCTGGG	Intron	Intron		-0.188780237912755	DNMT3A
DNMT3A2_624	AGCCAGATGCCAGCACAACC	Intron	Intron		0.168520054145439	DNMT3A
DNMT3A2_185	CCCTGCTGGGAGCTCGGAGG	Intron	Intron		0.167079160280749	DNMT3A
DNMT3A2_104	CCGTGGCCAGCTCTTTCCGG	Intron	Intron		0.164791231125723	DNMT3A
DNMT3A2_477	GTGTGCAGGGAGGGGAAGAC	Intron	Intron		0.415449278636912	DNMT3A
DNMT3A2_101	AGCCGTGGCCAGCTCTTTCC	Intron	Intron		0.0971091190706062	DNMT3A
DNMT3A2_102	GCCGTGGCCAGCTCTTTCCG	Intron	Intron		0.10572923521775	DNMT3A
DNMT3A2_301	TGGAAAGCAGAGGGAGGGGA	Intron	Intron		0.415693630538451	DNMT3A
DNMT3A2_357	CTCCAGTGGTCTCCTTAGCT	Intron	Intron		0.453619103678512	DNMT3A
DNMT3A2_001	GACTGCAGAGGGGCTGCACC	Intron	5'-UTR		0.0815788385617988	DNMT3A
DNMT3A2_513	GGAAGCACCAGCTGAGAAGG	Intron	Intron		-0.111079817542897	DNMT3A
DNMT3A2_158	TTTGGCAGTAGCCTGGGGTG	Intron	Intron		0.0960098402150832	DNMT3A
DNMT3A2_013	GGACGGAGCCCCGGGGAGAC	Intron	Intron		-0.110476172055716	DNMT3A
DNMT3A2_360	GGGAGCCTGGGGCCCAGCTA	Intron	Intron		0.0745042912466416	DNMT3A
DNMT3A2_018	GCCCCGGGGAGACCGGGGGC	Intron	Intron		-0.110135943165779	DNMT3A
DNMT3A2_002	AGGGGCTGCACCTGGCCTTA	Intron	5'-UTR		0.0720484108954877	DNMT3A
DNMT3A2_512	AGCACCAGCTGAGAAGGTGG	Intron	Intron		0.0716316923461485	DNMT3A
DNMT3A2_485	TCCTCCCAGATCCAGGAGTG	Intron	Intron		0.0707827357517181	DNMT3A
DNMT3A2_414	TCCTAAGCAGTGAGCACAAC	Intron	Intron		-0.720477558242131	DNMT3A
DNMT3A2_327	TCAACGGCACCTCTCCTGGG	Intron	Intron		0.0695467638455672	DNMT3A
DNMT3A2_020	CCCCGGGGAGACCGGGGGCG	Intron	Intron		0.0821408873856384	DNMT3A
DNMT3A2_011	GGTTCCTGGACGGAGCCCCG	Intron	Intron		0.0673394671758997	DNMT3A
DNMT3A2_295	GAACTCTGGCACTCCTAGTG	Intron	Intron		0.0635650180005196	DNMT3A
DNMT3A2_111	CTTGGGGCTCCAGGACGGCC	Intron	Intron		0.0545169958674279	DNMT3A
DNMT3A2_297	TGGCACTCCTAGTGTGGCAT	Intron	Intron		-0.103026410864518	DNMT3A
DNMT3A2_580	GTCCCAGCCCACAGCCCCCC	Intron	Intron		0.0534366300685866	DNMT3A
DNMT3A2_024	GGAGACCGGGGGCGGGGAGG	Intron	Intron		0.0530270730929861	DNMT3A
DNMT3A2_186	TCCTCCTCCGAGCTCCCAGC	Intron	Intron		0.545480286661626	DNMT3A
DNMT3A2_545	GCTGGCCAAACCAAGGTTGC	Intron	Intron		0.0506993512789276	DNMT3A
DNMT3A2_105	GGAAGGCCCCCGGAAAGAGC	Intron	Intron		0.0497897588082289	DNMT3A
DNMT3A2_183	TGTCCCTGCTGGGAGCTCGG	Intron	Intron		0.0485343154073922	DNMT3A
DNMT3A2_622	ACCCGGGTTGTGCTGGCATC	Intron	Intron		0.0469687770399764	DNMT3A
DNMT3A2_338	TGCTGTCTAGAACTGCTTTC	Intron	Intron		-0.219657700327019	DNMT3A
DNMT3A2_298	GGCACTCCTAGTGTGGCATG	Intron	Intron		0.0438988750132529	DNMT3A
DNMT3A2_483	TATCCTCCCAGATCCAGGAG	Intron	Intron		0.0643962317374309	DNMT3A
DNMT3A2_004	CTGCACCTGGCCTTATGGGT	Intron	5'-UTR		-0.113424065385535	DNMT3A
DNMT3A2_440	CTGGCCGCCTTGTCCCAGGA	Intron	Intron		0.124720746010287	DNMT3A
DNMT3A2_574	GTGAAAGCTCCTGGGCCTGG	Intron	Intron		0.0887158208678869	DNMT3A
DNMT3A2_195	CTGGCGTGTCACCCTCCAGG	Intron	Intron		0.0918929413107197	DNMT3A
DNMT3A2_484	ATCCTCCCAGATCCAGGAGT	Intron	Intron		0.0926569545893243	DNMT3A
DNMT3A2_626	GCTGGCATCTGGCTGCGGTG	Intron	Intron		0.093331141893561	DNMT3A
DNMT3A2_576	TCCTGGGCCTGGGGGGCTGT	Intron	Intron		-0.121557545401061	DNMT3A
DNMT3A2_441	TGGCCGCCTTGTCCCAGGAT	Intron	Intron		0.086750185007265	DNMT3A
DNMT3A2_410	GGAGCTCGAGACCGCGCCCC	Intron	Intron		0.090856264991908	DNMT3A
DNMT3A2_445	TGCTGTCTGCTGGCTGGTGC	Intron	Intron		0.0934806761072771	DNMT3A
DNMT3A2_270	TAGTTGGCCTGCTTCTGGAG	Intron	Intron		-0.123825607262598	DNMT3A
DNMT3A2_683	CTGGCACGATTGAACGCGGT	No Mutation	Non-targeting Control		-0.0057898830156475	DNMT3A
DNMT3A2_690	CTCGTACGACCGGACGTCTA	No Mutation	Non-targeting Control		-0.162310582707712	DNMT3A
DNMT3A2_676	CCCGCCGATTAACGCGACTA	No Mutation	Non-targeting Control		0.038079053793369	DNMT3A
DNMT3A2_700	TCCATACGCGCGACCGGATA	No Mutation	Non-targeting Control		-0.0800176508889417	DNMT3A
DNMT3A2_682	CCCTAGATATCGTTCGCGAC	No Mutation	Non-targeting Control		0.0325552236911567	DNMT3A
DNMT3A2_687	GGATACCGTACACGCGGTAT	No Mutation	Non-targeting Control		0.0982777973435271	DNMT3A
DNMT3A2_686	AGGGACGCATCGTTCGTCGA	No Mutation	Non-targeting Control		0.00280083141903855	DNMT3A
DNMT3A2_677	AGCCGTCGTTGGACGTAACG	No Mutation	Non-targeting Control		0.240824750702659	DNMT3A
DNMT3A2_694	CCAATACGGCGTGCCGCGTT	No Mutation	Non-targeting Control		-0.00432240915710763	DNMT3A
DNMT3A2_688	TAGAGGTCGTACGTAACGCG	No Mutation	Non-targeting Control		0.185786717663466	DNMT3A
DNMT3A2_673	TTGAGTGCGTCGCGGCGTAA	No Mutation	Non-targeting Control		0.0945308009526176	DNMT3A
DNMT3A2_696	GACTCCGAAACGTACCGTCG	No Mutation	Non-targeting Control		-0.226207274338742	DNMT3A
DNMT3A2_672	CACGCGTAACGCGCCTTATT	No Mutation	Non-targeting Control		0.179385563081014	DNMT3A
DNMT3A2_685	CGCCGGTTCGCGCGGATATA	No Mutation	Non-targeting Control		0.0280863636642887	DNMT3A
DNMT3A2_680	TGTCGCGTTCGCGATTTGCG	No Mutation	Non-targeting Control		0.13532404479944	DNMT3A
DNMT3A2_684	CGTGTCGTTATTCGCGAATC	No Mutation	Non-targeting Control		-0.208571721437882	DNMT3A
DNMT3A2_679	TTCCGTTAGTATGCCGTACG	No Mutation	Non-targeting Control		-0.324970591445095	DNMT3A
DNMT3A2_681	CCCTGCGTCGACCGTAACGC	No Mutation	Non-targeting Control		0.0898610516520921	DNMT3A
DNMT3A2_698	AAGCGGTTGTACGACGCACG	No Mutation	Non-targeting Control		0.15330362626069	DNMT3A
DNMT3A2_695	CTAATCCGTCGTGTCGGACG	No Mutation	Non-targeting Control		-0.084114439677283	DNMT3A
DNMT3A2_691	TCAGGACCGAATCGCGATAC	No Mutation	Non-targeting Control		-0.0181531493551703	DNMT3A
DNMT3A2_675	TCGTTCCGGTCGTCGACCGT	No Mutation	Non-targeting Control		0.0771497883898019	DNMT3A
DNMT3A2_674	TGGTACATACCGCTCGCGTA	No Mutation	Non-targeting Control		0.131856094071737	DNMT3A
DNMT3A2_689	CTCCGAACCGCGTACGTCGT	No Mutation	Non-targeting Control		0.129442527300862	DNMT3A
DNMT3A2_678	TATATCGCGGCGTCGTTACA	No Mutation	Non-targeting Control		-0.139857329638633	DNMT3A
DNMT3A2_671	CGGTCGCCCAATGCGCGATC	No Mutation	Non-targeting Control		-0.0151482063275149	DNMT3A
DNMT3A2_697	ATCAACGCGGCGGACGGATT	No Mutation	Non-targeting Control		0.023347732290187	DNMT3A
DNMT3A2_693	TGCCGCACCTCGATCGAACG	No Mutation	Non-targeting Control		0.00676863542706612	DNMT3A
DNMT3A2_699	GAGGGACGTAATCCCGATCG	No Mutation	Non-targeting Control		-0.122282755121992	DNMT3A
DNMT3A2_692	TCGCCCCGATTACGCGCATA	No Mutation	Non-targeting Control		-0.137460218845148	DNMT3A
DNMT3A2_225	CTTCCAGCCTTCTGGCCCTA	Nonsense	Inter1	Q415*, P416S	-0.0980904914323551	DNMT3A
DNMT3A2_486	GCCCCACTCCTGGATCTGGG	Nonsense	MTase	W698*	1.75105117171157	DNMT3A
DNMT3A2_180	CTGCAGGTGAGTGTCCCTGC	Nonsense	Inter1	Q374*	0.132408342880461	DNMT3A
DNMT3A2_403	GACCAGGAATTTGTGAGTGC	Nonsense	Inter2	Q615*	0.042029632875396	DNMT3A
DNMT3A2_132	CACCAAGACACAATGCGGCC	Nonsense	PWWP	W313*	0.324592791890341	DNMT3A
DNMT3A2_488	ATGGGCCCCACTCCTGGATC	Nonsense	MTase	W698*, G699N	0.569674660352823	DNMT3A
DNMT3A2_134	TCATCCACCAAGACACAATG	Nonsense	PWWP	W313*, W314*	0.755189134976284	DNMT3A
DNMT3A2_644	CGAGGCAGAGACTGCTGGGC	Nonsense	MTase	Q886*	0.78855460437565	DNMT3A
DNMT3A2_226	TTCCAGCCTTCTGGCCCTAA	Nonsense	Inter1	Q415*, P416F	-0.00903187993130252	DNMT3A
DNMT3A2_376	GGCTGCCCAGGCAGCCATTA	Nonsense	ADD	A572V, Q573*	0.158118892135717	DNMT3A
DNMT3A2_487	TGGGCCCCACTCCTGGATCT	Nonsense	MTase	W698*, G699N	1.02342442673305	DNMT3A
DNMT3A2_592	CTGCAGGAGTGTCTGGAGCA	Nonsense	MTase	Q816*	0.874551418132839	DNMT3A
DNMT3A2_380	GTTCCAGGGGTCTTCCTTAA	Nonsense	ADD	W581*	0.054313697406336	DNMT3A
DNMT3A2_339	GCGTACCAGTACGACGACGA	Nonsense	ADD	Q527*	1.60153748937702	DNMT3A
DNMT3A2_146	CTCCGAACCACATGACCCAG	Nonsense	PWWP	W330*, G332R	1.28260735847106	DNMT3A
DNMT3A2_145	TCCGAACCACATGACCCAGC	Nonsense	PWWP	W330*	1.42484318591238	DNMT3A
DNMT3A2_066	GGAGTCTCAGAAGGTGGAGG	Nonsense	Nterm	S236F, Q237*	1.4533419860903	DNMT3A
DNMT3A2_322	ATGTGCCAAAACTGCAAGGT	Nonsense	ADD	Q515*	1.07949877864636	DNMT3A
DNMT3A2_342	TCCTACTGCACCATCTGCTG	Silent	ADD		-0.178347766987525	DNMT3A
DNMT3A2_559	ACACAGGGCCCGCTACTTCT	Silent	MTase		0.234146508423003	DNMT3A
DNMT3A2_618	TATGGTGCACTGAAATGGAA	Silent	MTase		0.22743233929482	DNMT3A
DNMT3A2_255	GGACATGTGGGTGGAACCTG	Silent	Inter1		0.218190535440702	DNMT3A
DNMT3A2_472	CATGCTTCTGTGTGACGCTG	Silent	MTase		0.205404348014704	DNMT3A
DNMT3A2_506	CTCGCAAGGGCCTCTACGGT	Silent	MTase		0.126406620250144	DNMT3A
DNMT3A2_429	CGGGTGCTGTCTCTCTTTGA	Silent	MTase		0.199821217742453	DNMT3A
DNMT3A2_218	CCCCAGGGCCCATTCAATCA	Silent	Inter1		0.15468060172157	DNMT3A
DNMT3A2_558	CACACAGGGCCCGCTACTTC	Silent	MTase		0.171848674136952	DNMT3A
DNMT3A2_171	GCTGCTTGTTGTACGTGGCC	Silent	Inter1		-0.0580138149928371	DNMT3A
DNMT3A2_466	GTGGGCATGGTGCGGCACCA	Silent	MTase		0.285890258916571	DNMT3A
DNMT3A2_211	GTTCTGCACCTCCACGGCCT	Silent	Inter1		0.167820141551192	DNMT3A
DNMT3A2_062	GCCCGGGGAGTCTCAGAAGG	Silent	Nterm		0.16385514348656	DNMT3A
DNMT3A2_617	CATCTTATGGTGCACTGAAA	Silent	MTase		0.132447197884684	DNMT3A
DNMT3A2_246	GGATTCTTCTCTTCTGGAGG	Silent	Inter1		0.152091895734058	DNMT3A
DNMT3A2_148	CGGAGACGGCAAATTCTCAG	Silent	PWWP		0.192214655093545	DNMT3A
DNMT3A2_121	TGGCATTGGGGAGCTGGTGT	Silent	PWWP		0.173539368891866	DNMT3A
DNMT3A2_286	AGCGGCTGGTGTACGAGGTG	Silent	Inter1		-0.19407977173851	DNMT3A
DNMT3A2_494	CCCATTCGATCTGGTGATTG	Silent	MTase		0.2898998906841	DNMT3A
DNMT3A2_422	TGGGCTTCCTCTTCTCAGCT	Silent	Inter2		-0.461357170787907	DNMT3A
DNMT3A2_649	CCTTCAGCGGAGCGAAGAGG	Silent	MTase		-0.355924358949666	DNMT3A
DNMT3A2_615	TGTCTTCATGAATGAGAAAG	Silent	MTase		1.21408863855849	DNMT3A
DNMT3A2_521	GGTAGAACTCAAAGAAGAGC	Silent	MTase		1.12132268784915	DNMT3A
DNMT3A2_541	CATGGGCGTTAGTGACAAGA	Silent	MTase		-0.266736889340826	DNMT3A
DNMT3A2_168	TCAGCTTCTCAACACACACC	Silent	PWWP		0.90905738456219	DNMT3A
DNMT3A2_385	CCTGGAACTGCTACATGTGC	Silent	ADD		-0.239127072694667	DNMT3A
DNMT3A2_344	CCTACTGCACCATCTGCTGT	Silent	ADD		-0.237765951379677	DNMT3A
DNMT3A2_167	CAGCTTCTCAACACACACCT	Silent	PWWP		0.649213199923291	DNMT3A
DNMT3A2_542	GGACATCTCGCGATTTCTCG	Silent	MTase		0.411620887915013	DNMT3A
DNMT3A2_467	TGGGCATGGTGCGGCACCAG	Silent	MTase		0.376642988340877	DNMT3A
DNMT3A2_502	ATCGTCAACCCTGCTCGCAA	Silent	MTase		0.366158447052922	DNMT3A
DNMT3A2_249	TCCCTACAAAGAAGTGTACA	Silent	Inter1		0.320001179289619	DNMT3A
DNMT3A2_172	CATGGGCTGCTTGTTGTACG	Silent	Inter1		-0.141897253911373	DNMT3A
DNMT3A2_539	CCTCTTGTCACTAACGCCCA	Silent	MTase		0.304814183399109	DNMT3A
DNMT3A2_433	ATGGAATCGCTACAGGTGAG	Silent	MTase		0.303965076227629	DNMT3A
DNMT3A2_178	CACCTGCAGGACCTCGTAGA	Silent	Inter1		0.294801272129957	DNMT3A
DNMT3A2_209	GAGTGACACTGCCAAGGCCG	Silent	Inter1		0.287499340739535	DNMT3A
DNMT3A2_393	CGGGCTGCTGCGGCGGCGAG	Silent	ADD		0.125323932255593	DNMT3A
DNMT3A2_563	TACTTCTGGGGTAACCTTCC	Silent	MTase		-0.054151303613084	DNMT3A
DNMT3A2_348	CATCTGCTGTGGGGGCCGTG	Silent	ADD		0.11191550233585	DNMT3A
DNMT3A2_129	CGGGGCTTCTCCTGGTGGCC	Silent	PWWP		0.0286346121998669	DNMT3A
DNMT3A2_351	GCGGAAACAACAACTGCTGC	Silent	ADD		0.0281436049367307	DNMT3A
DNMT3A2_387	TGCTACATGTGCGGGCACAA	Silent	ADD		0.0242533273576893	DNMT3A
DNMT3A2_069	GTGGGCTGCTGCACAGCAGG	Silent	Nterm		0.00818055496780864	DNMT3A
DNMT3A2_222	AGAAGGCTGGAAGCCCCCCA	Silent	Inter1		0.00552846440631527	DNMT3A
DNMT3A2_645	AGAGACTGCTGGGCCGGTCA	Silent	MTase		6.53152485480257e-05	DNMT3A
DNMT3A2_232	AAGGGCCTGGAGCCACCAGA	Silent	Inter1		-0.0813254872465851	DNMT3A
DNMT3A2_095	CGATGACGAGCCAGAGTACG	Silent	Nterm		-0.0051083562808209	DNMT3A
DNMT3A2_453	GAAGGACTTGGGCATTCAGG	Silent	MTase		-0.0785384427871656	DNMT3A
DNMT3A2_450	CTCCTGGTGCTGAAGGACTT	Silent	MTase		-0.0782484958660192	DNMT3A
DNMT3A2_449	GCTCCTGGTGCTGAAGGACT	Silent	MTase		-0.0915476349468929	DNMT3A
DNMT3A2_386	CTGCTACATGTGCGGGCACA	Silent	ADD		-0.0117311653248498	DNMT3A
DNMT3A2_060	TCTGAGACTCCCCGGGCCCC	Silent	Nterm		-0.0213301855892962	DNMT3A
DNMT3A2_589	CTCCAGCTTATCATTCACAG	Silent	MTase		-0.0326519813366502	DNMT3A
DNMT3A2_352	AACAACAACTGCTGCAGGTG	Silent	ADD		-0.0340283015529921	DNMT3A
DNMT3A2_591	GCTGGAGCTGCAGGAGTGTC	Silent	MTase		-0.0675907013124726	DNMT3A
DNMT3A2_088	GCCCGTGGGGTCCGATGCTG	Silent	Nterm		-0.037970366905758	DNMT3A
DNMT3A2_223	CAGAAGGCTGGAAGCCCCCC	Silent	Inter1		-0.0382136921456386	DNMT3A
DNMT3A2_067	CTGCTGCACAGCAGGAGGGC	Silent	Nterm		-0.0418035158070075	DNMT3A
DNMT3A2_309	CAGACATCTGCATCTCCTGT	Silent	ADD		-0.0437943977857516	DNMT3A
DNMT3A2_078	CAGGCGTGGTAGCCACAGTG	Silent	Nterm		-0.0469704887678946	DNMT3A
DNMT3A2_640	CCAACATGAGCCGCTTGGCG	Silent	MTase		-0.0541194973568614	DNMT3A
DNMT3A2_079	TCAGGCGTGGTAGCCACAGT	Silent	Nterm		-0.0162428083356532	DNMT3A
DNMT3A2_308	CCAGACATCTGCATCTCCTG	Silent	ADD		0.0296464528283493	DNMT3A
DNMT3A2_177	AGCCATCTACGAGGTCCTGC	Silent	Inter1		0.0212375061012788	DNMT3A
DNMT3A2_423	ATGGGCTTCCTCTTCTCAGC	Silent	Inter2		0.0307283210243276	DNMT3A
DNMT3A2_648	TCAGCGGAGCGAAGAGGTGG	Silent	MTase		0.101756343678771	DNMT3A
DNMT3A2_496	CCATTCGATCTGGTGATTGG	Silent	MTase		-0.128296314656576	DNMT3A
DNMT3A2_251	GTCCGTGTACACTTCTTTGT	Silent	Inter1		-0.128054969009511	DNMT3A
DNMT3A2_353	TGCTGCAGGTGAGGCTGTTG	Silent	ADD		-0.125784266918712	DNMT3A
DNMT3A2_212	GGGCTTGTTCTGCACCTCCA	Silent	Inter1		0.0987221380593991	DNMT3A
DNMT3A2_465	GGTGGGCATGGTGCGGCACC	Silent	MTase		0.0917870907984314	DNMT3A
DNMT3A2_119	GGGCTTTGGCATTGGGGAGC	Silent	Nterm		0.0912557408119408	DNMT3A
DNMT3A2_068	TGGGCTGCTGCACAGCAGGA	Silent	Nterm		-0.0945250995945519	DNMT3A
DNMT3A2_080	CTCAGGCGTGGTAGCCACAG	Silent	Nterm		-0.11648002108501	DNMT3A
DNMT3A2_120	TTGGCATTGGGGAGCTGGTG	Silent	PWWP		0.0839244235599016	DNMT3A
DNMT3A2_215	GCCCATGATTGAATGGGCCC	Silent	Inter1		0.0824161557863791	DNMT3A
DNMT3A2_540	CCATGGGCGTTAGTGACAAG	Silent	MTase		0.0880745349025219	DNMT3A
DNMT3A2_091	GGCATTCTTGTCCCCAGCAT	Silent	Nterm		0.0808932497347322	DNMT3A
DNMT3A2_525	CCTTGGGCCGCGCATCATGC	Silent	MTase		0.0495828056124215	DNMT3A
DNMT3A2_254	AGTGTACACGGACATGTGGG	Silent	Inter1		0.0510415239106177	DNMT3A
DNMT3A2_147	TGGGTCATGTGGTTCGGAGA	Silent	PWWP		-0.111618123062959	DNMT3A
DNMT3A2_501	CATCGTCAACCCTGCTCGCA	Silent	MTase		0.0563815723932961	DNMT3A
DNMT3A2_230	CTGGTGGCTCCAGGCCCTTA	Silent	Inter1		0.0601869416363965	DNMT3A
DNMT3A2_345	CTACTGCACCATCTGCTGTG	Silent	ADD		0.0698295583633613	DNMT3A
DNMT3A2_077	AGGCGTGGTAGCCACAGTGG	Silent	Nterm		0.072399580300445	DNMT3A
DNMT3A2_127	GGAAACTGCGGGGCTTCTCC	Silent	PWWP		0.0752331823095544	DNMT3A
DNMT3A2_203	CCGGGAACAGCTTCCCCGCG	Silent	Inter1		0.0621604009536554	DNMT3A
DNMT3A2_163	CACACCTGGGGGGACAAGCC	Splice	Splice	V339M	0.092551823855286	DNMT3A
DNMT3A2_550	TTGGACTACAAAACAGGAGA	Splice	Splice		1.39217061680671	DNMT3A
DNMT3A2_233	ATTTACCTTCTGGTGGCTCC	Splice	Splice	E427K	-0.187714620348218	DNMT3A
DNMT3A2_303	ATGTCTGGAAAGCAGAGGGA	Splice	Splice		1.50503659538095	DNMT3A
DNMT3A2_304	GATGTCTGGAAAGCAGAGGG	Splice	Splice		1.51587929674578	DNMT3A
DNMT3A2_302	TGTCTGGAAAGCAGAGGGAG	Splice	Splice		1.54645097710443	DNMT3A
DNMT3A2_334	GTTCTAGACAGCAGCGGGAA	Splice	Splice		1.55492935285944	DNMT3A
DNMT3A2_565	CCAACCTGTTCATACCGGGA	Splice	Splice	R803K	1.56144958330436	DNMT3A
DNMT3A2_402	CACTCACAAATTCCTGGTCG	Splice	Splice		0.903934256868688	DNMT3A
DNMT3A2_245	CTCTTCTGGAGGAGGAAAGC	Splice	Splice		0.946177235937783	DNMT3A
DNMT3A2_335	AGTTCTAGACAGCAGCGGGA	Splice	Splice		1.64569018066253	DNMT3A
DNMT3A2_194	CACCTGGAGGGTGACACGCC	Splice	Splice		0.124486509336206	DNMT3A
