ID	Gene	Mutation_list	Mutation_type	sgRNA_score
0	KBTBD4	flankseq;	Flanking;	-0.597374575334156
1	KBTBD4	flankseq;flankseq;	Flanking;Flanking;	-0.333616276022169
2	KBTBD4	utr;	UTR;	-0.905561303443454
3	KBTBD4	utr;	UTR;	-0.55823519270588
4	KBTBD4	utr;	UTR;	-0.61748922125947
5	KBTBD4	utr;	UTR;	-0.631031903418184
6	KBTBD4	utr;	UTR;	-0.700922728868259
7	KBTBD4	M1V;	Missense;	-0.796137360938874
8	KBTBD4	M1V;K2G;	Missense;Missense;	-0.349078351515434
9	KBTBD4	K2G;	Missense;	-0.322167440780936
10	KBTBD4	K2G;	Missense;	0.793012511039879
11	KBTBD4	K2K;G3G;	Silent;Silent;	0.0866172832832372
12	KBTBD4	N5G;	Missense;	0.0533949842194475
13	KBTBD4	N5G;	Missense;	-0.358809693832286
14	KBTBD4	N5S;A6A;	Missense;Silent;	-0.532131259389597
15	KBTBD4	A6A;	Silent;	-0.687367052981197
16	KBTBD4	Exon1:+4;	Intron;	-0.667416108238445
17	KBTBD4	Exon1:+4;Exon1:+6;Exon1:+7;	Intron;Intron;Intron;	-0.719870356443233
18	KBTBD4	Exon1:+4;Exon1:+6;Exon1:+7;Exon1:+8;	Intron;Intron;Intron;Intron;	-0.497829754428272
19	KBTBD4	Exon1:+7;Exon1:+8;	Intron;Intron;	-0.401196995541409
20	KBTBD4	Exon1:+8;Exon1:+12;	Intron;Intron;	-0.623718458012266
21	KBTBD4	Exon1:+12;	Intron;	-0.608940090810013
22	KBTBD4	Exon1:+16;	Intron;	-0.832115758416148
23	KBTBD4	Exon1:+20;	Intron;	-0.37439499984534
24	KBTBD4	Exon1:+31;	Intron;	-0.718644216757037
25	KBTBD4	Exon1:+20;	Intron;	-0.867940127525027
26	KBTBD4	Exon1:+20;Exon1:+24;	Intron;Intron;	-0.678591061562555
27	KBTBD4	Exon1:+34;	Intron;	-0.73977244914261
28	KBTBD4	Exon1:+24;	Intron;	-0.805646326270252
29	KBTBD4	Exon1:+24;Exon1:+28;	Intron;Intron;	-0.623053796118905
30	KBTBD4	Exon1:+28;Exon1:+29;Exon1:+30;	Intron;Intron;Intron;	-0.627025263779061
31	KBTBD4	Exon1:+28;Exon1:+29;Exon1:+30;	Intron;Intron;Intron;	-0.51611765211962
32	KBTBD4	Exon1:+29;Exon1:+30;	Intron;Intron;	-0.610718135701642
33	KBTBD4	Exon2:-13;Exon2:-16;	Intron;Intron;	-0.230568661795716
34	KBTBD4	Exon2:-24;	Intron;	-0.55446227429222
35	KBTBD4	Exon2:-20;Exon2:-19;	Intron;Intron;	-0.612393395950072
36	KBTBD4	Exon2:-5;Exon2:-6;Exon2:-7;	Intron;Intron;Intron;	-0.199908253943971
37	KBTBD4	Exon2:-19;Exon2:-17;	Intron;Intron;	-0.58718791981226
38	KBTBD4	Exon2:-5;Exon2:-6;Exon2:-7;	Intron;Intron;Intron;	0.503709182843338
39	KBTBD4	Exon2:-2;	Splice-acceptor;	0.372494705721164
40	KBTBD4	Exon2:-2;D7G;	Splice-acceptor;Missense;	0.830790380906719
41	KBTBD4	Exon2:-2;D7G;S8G;	Splice-acceptor;Missense;Missense;	-0.0962341793877617
42	KBTBD4	S8G;	Missense;	-0.740323032378515
43	KBTBD4	Q10R;	Missense;	-0.521116169734407
44	KBTBD4	L14P;	Missense;	-0.547788823878877
45	KBTBD4	Q10R;R11G;	Missense;Missense;	-0.543993355160328
46	KBTBD4	A15A;	Silent;	-0.628485278519904
47	KBTBD4	R11R;E12G;K13E;	Silent;Missense;Missense;	-0.612927905336078
48	KBTBD4	E12G;K13G;	Missense;Missense;	-0.110323660636973
49	KBTBD4	S16G;	Missense;	-0.531731227415524
50	KBTBD4	S16G;M17V;	Missense;Missense;	-0.477155054310912
51	KBTBD4	S16G;M17V;	Missense;Missense;	-0.248107441373293
52	KBTBD4	M17V;	Missense;	-0.628688427918954
53	KBTBD4	E18G;	Missense;	-0.725594300407973
54	KBTBD4	E18G;S19S;	Missense;Silent;	-0.77430093123935
55	KBTBD4	S19S;	Silent;	-0.612478126705898
56	KBTBD4	S26P;	Missense;	-0.516386209955905
57	KBTBD4	S26P;	Missense;	-0.477845452500752
58	KBTBD4	E22G;	Missense;	-0.578481749818434
59	KBTBD4	E22G;	Missense;	-0.365927776215048
60	KBTBD4	G24G;	Silent;	-0.607484003430431
61	KBTBD4	D28D;	Silent;	-0.653465982124928
62	KBTBD4	D28D;	Silent;	-0.725793638803901
63	KBTBD4	Y31H;	Missense;	1.57860984121465
64	KBTBD4	M27V;D28G;	Missense;Missense;	-0.535670839296108
65	KBTBD4	F32P;Y31H;	Missense;Missense;	1.35264230195392
66	KBTBD4	F32P;	Missense;	0.878261166612299
67	KBTBD4	D28G;	Missense;	0.114991212886915
68	KBTBD4	T36T;	Silent;	0.264305201409343
69	KBTBD4	F37P;T36T;	Missense;Silent;	-0.615242644102972
70	KBTBD4	N34G;	Missense;	-0.297992191329769
71	KBTBD4	N34S;Y35C;	Missense;Missense;	1.39570005659496
72	KBTBD4	Y35C;T36A;	Missense;Missense;	-0.239683411775107
73	KBTBD4	D39D;	Silent;	0.975201043045399
74	KBTBD4	S41P;	Missense;	-0.502694748234935
75	KBTBD4	S41P;	Missense;	1.76231710391251
76	KBTBD4	K38G;D39G;	Missense;Missense;	-0.826427546479418
77	KBTBD4	K38R;D39G;	Missense;Missense;	0.186742615857972
78	KBTBD4	S43P;H42H;	Missense;Silent;	-0.491752203945747
79	KBTBD4	D39G;	Missense;	1.41024657556893
80	KBTBD4	S41S;	Silent;	-0.308107721812299
81	KBTBD4	R45R;	Silent;	-0.577409061003175
82	KBTBD4	S41S;H42R;	Silent;Missense;	0.88587726141117
83	KBTBD4	V46A;	Missense;	1.28556393685627
84	KBTBD4	A47A;	Silent;	0.22428335292713
85	KBTBD4	S43S;	Silent;	-0.384260439388655
86	KBTBD4	S43S;	Silent;	-0.452007998010794
87	KBTBD4	I50T;	Missense;	0.668325158502483
88	KBTBD4	I50T;	Missense;	-0.681101486481317
89	KBTBD4	Q48R;	Missense;	-0.577994631193497
90	KBTBD4	L53P;	Missense;	1.70098886461645
91	KBTBD4	Q48R;	Missense;	-0.541524337003069
92	KBTBD4	C54R;L53P;	Missense;Missense;	1.31372533690249
93	KBTBD4	I50V;M51V;	Missense;Missense;	0.84239144672027
94	KBTBD4	L55P;C54C;	Missense;Silent;	1.34550733654604
95	KBTBD4	M51V;K52E;	Missense;Missense;	-0.317485567110763
96	KBTBD4	M51V;K52G;	Missense;Missense;	-0.74941288358356
97	KBTBD4	L55P;	Missense;	1.82525940251109
98	KBTBD4	K52G;	Missense;	-0.336780373408831
99	KBTBD4	K52G;	Missense;	-0.0744655302767392
100	KBTBD4	K52K;	Silent;	-0.842859563207911
101	KBTBD4	L55L;E56G;	Silent;Missense;	0.287303546189176
102	KBTBD4	F60P;	Missense;	1.97900806118016
103	KBTBD4	E56G;E57G;	Missense;Missense;	1.77858325619128
104	KBTBD4	E57G;E58G;	Missense;Missense;	-0.482293579423496
105	KBTBD4	I65T;	Missense;	1.65493050335051
106	KBTBD4	D62G;	Missense;	-0.637543707531935
107	KBTBD4	D62G;	Missense;	0.726743142946062
108	KBTBD4	D62G;	Missense;	0.0573057649209219
109	KBTBD4	V67A;S66P;	Missense;Missense;	1.1153607449439
110	KBTBD4	T64A;	Missense;	0.943232420508416
111	KBTBD4	T64A;	Missense;	-0.325589989300572
112	KBTBD4	I65V;	Missense;	0.863208240074903
113	KBTBD4	I65V;	Missense;	-0.764366029772014
114	KBTBD4	I65V;	Missense;	-0.418833696271774
115	KBTBD4	F72P;	Missense;	0.752099775084214
116	KBTBD4	E68G;	Missense;	-0.630201534436164
117	KBTBD4	E71G;	Missense;	-0.374107741413761
118	KBTBD4	H75H;L74P;	Silent;Missense;	-0.37068706373729
119	KBTBD4	E71G;	Missense;	0.602055765291349
120	KBTBD4	H75H;	Silent;	-0.65709197453858
121	KBTBD4	Q73R;	Missense;	-0.382783812926381
122	KBTBD4	V78A;	Missense;	1.8978934553619
123	KBTBD4	S80P;L79P;	Missense;Missense;	1.26287938729555
124	KBTBD4	H75R;	Missense;	1.97909504614863
125	KBTBD4	S80P;L79P;	Missense;Missense;	1.71363887856023
126	KBTBD4	S80P;	Missense;	1.46593832794337
127	KBTBD4	A81A;	Silent;	-0.776380726423477
128	KBTBD4	A81A;	Silent;	-0.547651712160557
129	KBTBD4	C84R;	Missense;	0.0008946429280539
130	KBTBD4	F85L;C84R;	Missense;Missense;	1.60817703601138
131	KBTBD4	F85P;	Missense;	2.1976544750273
132	KBTBD4	F86P;F85P;	Missense;Missense;	2.50489055692377
133	KBTBD4	Q82R;	Missense;	1.54848975600666
134	KBTBD4	F86P;	Missense;	1.90986062793569
135	KBTBD4	S88P;	Missense;	2.13590437308996
136	KBTBD4	M89T;	Missense;	2.25161238965079
137	KBTBD4	F90P;M89T;	Missense;Missense;	1.88998384500141
138	KBTBD4	T91T;F90S;	Silent;Missense;	1.47298150084229
139	KBTBD4	S92P;T91T;	Missense;Silent;	1.61642969931959
140	KBTBD4	S92P;T91T;	Missense;Silent;	0.959668824002316
141	KBTBD4	M89V;	Missense;	0.831256331149825
142	KBTBD4	L94P;	Missense;	1.92375211165674
143	KBTBD4	L94P;	Missense;	1.85681454557785
144	KBTBD4	T91A;	Missense;	-0.950524185915764
145	KBTBD4	T91A;	Missense;	-0.264814599987014
146	KBTBD4	T91A;	Missense;	-0.127034210696057
147	KBTBD4	T91A;	Missense;	-0.0931275229664449
148	KBTBD4	K95G;	Missense;	1.39344818380741
149	KBTBD4	K95G;	Missense;	1.38349652016313
150	KBTBD4	K95G;E96G;	Missense;Missense;	1.49654336046704
151	KBTBD4	E96G;	Missense;	1.43975508979074
152	KBTBD4	H98R;	Missense;	0.423770798251441
153	KBTBD4	H98R;N99D;	Missense;Missense;	-0.525436887842863
154	KBTBD4	V103A;I102T;	Missense;Missense;	0.84703505698574
155	KBTBD4	V103A;I102T;	Missense;Missense;	1.15565891647797
156	KBTBD4	N99G;	Missense;	-0.324334326539071
157	KBTBD4	V103A;I102I;	Missense;Silent;	1.47477671195643
158	KBTBD4	L104P;V103A;	Missense;Missense;	1.56753335325801
159	KBTBD4	L104P;	Missense;	1.50928028752431
160	KBTBD4	I102V;	Missense;	-0.607415799132049
161	KBTBD4	S110P;	Missense;	-0.206600583191235
162	KBTBD4	Q105R;D106G;	Missense;Missense;	-0.55206965867496
163	KBTBD4	S110P;	Missense;	-0.318482960414616
164	KBTBD4	F112S;	Missense;	1.49036517153991
165	KBTBD4	L114P;	Missense;	1.65022898838047
166	KBTBD4	V116A;L115P;	Missense;Missense;	2.09496987570479
167	KBTBD4	Y118H;D117D;	Missense;Silent;	0.50501538960611
168	KBTBD4	Y118H;D117D;	Missense;Silent;	0.0895050508693167
169	KBTBD4	Y120H;I119T;Y118Y;	Missense;Missense;Silent;	0.903825180259955
170	KBTBD4	Y120H;I119T;	Missense;Missense;	2.02228773118716
171	KBTBD4	Y120H;	Missense;	2.07593567429828
172	KBTBD4	D117G;	Missense;	0.0059738298106299
173	KBTBD4	D117G;	Missense;	-0.327110104364412
174	KBTBD4	D117G;	Missense;	-0.336529582140022
175	KBTBD4	Y118C;I119V;	Missense;Missense;	1.61275206992591
176	KBTBD4	I119V;	Missense;	0.78102113886031
177	KBTBD4	V124A;	Missense;	0.579132556972551
178	KBTBD4	H121R;	Missense;	-0.249330287005215
179	KBTBD4	L126P;	Missense;	-0.304684519316493
180	KBTBD4	L126P;	Missense;	0.200282107305689
181	KBTBD4	T123A;	Missense;	-0.675616524573634
182	KBTBD4	T123A;	Missense;	-0.411122085265966
183	KBTBD4	K125E;	Missense;	-0.205111061844518
184	KBTBD4	K125G;	Missense;	-0.332605130560387
185	KBTBD4	A128A;	Silent;	-0.751987223016007
186	KBTBD4	K125G;	Missense;	-0.753928713099206
187	KBTBD4	K125K;	Silent;	-0.74387932832643
188	KBTBD4	R127R;	Silent;	-0.566987765139567
189	KBTBD4	L131P;	Missense;	0.574316465683506
190	KBTBD4	R127R;	Silent;	-0.649786409716477
191	KBTBD4	I134T;	Missense;	-0.503518236508877
192	KBTBD4	E130G;	Missense;	-0.382588445498702
193	KBTBD4	Q132R;	Missense;	0.287047149037694
194	KBTBD4	Q132R;	Missense;	-0.447043403336955
195	KBTBD4	S138P;V137A;	Missense;Missense;	0.15297801629916
196	KBTBD4	E133G;I134V;	Missense;Missense;	-0.290794551693827
197	KBTBD4	Y135C;	Missense;	0.710861674691493
198	KBTBD4	S138S;	Silent;	0.334521515052821
199	KBTBD4	L143P;	Missense;	1.94339562448528
200	KBTBD4	S145P;	Missense;	-0.148664871115442
201	KBTBD4	Q142R;	Missense;	0.944061166139437
202	KBTBD4	T144A;	Missense;	-0.665838796580693
203	KBTBD4	F147P;	Missense;	0.445509719857424
204	KBTBD4	T144A;	Missense;	-0.46555733279843
205	KBTBD4	F147F;	Silent;	-0.429747510923262
206	KBTBD4	T144T;	Silent;	-0.642827409576205
207	KBTBD4	C150R;	Missense;	0.934771792936609
208	KBTBD4	S151P;C150R;	Missense;Missense;	2.02284475155276
209	KBTBD4	S151P;	Missense;	1.6803082997635
210	KBTBD4	S151S;	Silent;	1.42788683871569
211	KBTBD4	V160A;	Missense;	-0.666851113900047
212	KBTBD4	V160A;	Missense;	-0.639140594272072
213	KBTBD4	T157T;	Silent;	-0.600338310672459
214	KBTBD4	C163R;	Missense;	2.11952907490079
215	KBTBD4	Q159Q;	Silent;	-0.427349058701323
216	KBTBD4	L164P;	Missense;	1.97259353374799
217	KBTBD4	G161G;N162D;	Silent;Missense;	-0.461086628565203
218	KBTBD4	G161G;N162G;	Silent;Missense;	-0.176567514169404
219	KBTBD4	N162S;	Missense;	-0.368925384435825
220	KBTBD4	W168R;M167T;	Missense;Missense;	1.15105377936359
221	KBTBD4	Q165R;	Missense;	-0.659053311915096
222	KBTBD4	L169P;	Missense;	0.316280198218798
223	KBTBD4	L169P;	Missense;	-0.262991959139844
224	KBTBD4	Q165R;	Missense;	-0.548857198933273
225	KBTBD4	M167V;	Missense;	-0.221783236005701
226	KBTBD4	M167V;	Missense;	-0.428200400156277
227	KBTBD4	S174S;	Silent;	-0.605795513338248
228	KBTBD4	D171G;	Missense;	1.70995860729983
229	KBTBD4	D175D;	Silent;	-0.618308238327165
230	KBTBD4	P176P;	Silent;	-0.587036972882319
231	KBTBD4	Y179H;L178P;	Missense;Missense;	0.389522364225784
232	KBTBD4	Y179H;L178P;	Missense;Missense;	0.103416334778052
233	KBTBD4	D175G;	Missense;	0.458995549966408
234	KBTBD4	D175G;	Missense;	1.48022747974715
235	KBTBD4	E177G;	Missense;	-0.724833057588914
236	KBTBD4	A181A;	Silent;	-0.48580797560167
237	KBTBD4	A181A;	Silent;	-0.537480235609275
238	KBTBD4	Y179C;T180A;	Missense;Missense;	-0.755220179421904
239	KBTBD4	T180A;	Missense;	-0.631826928844075
240	KBTBD4	C185R;	Missense;	-0.581837840862033
241	KBTBD4	K183E;	Missense;	-0.453297958420806
242	KBTBD4	L190P;	Missense;	0.575988869755808
243	KBTBD4	K187G;T188A;	Missense;Missense;	-0.730570136993517
244	KBTBD4	T188A;	Missense;	-0.792143855038995
245	KBTBD4	H189R;	Missense;	-0.546198562876693
246	KBTBD4	L193P;	Missense;	0.287646661100783
247	KBTBD4	L193P;	Missense;	0.278864087602026
248	KBTBD4	N195N;	Silent;	-0.727687144346215
249	KBTBD4	N195N;	Silent;	-0.653363394592857
250	KBTBD4	Q192R;	Missense;	-0.50714272181867
251	KBTBD4	Q192R;	Missense;	-0.594378033977844
252	KBTBD4	Q192R;	Missense;	-0.741001810133672
253	KBTBD4	F199L;	Missense;	-0.53517309190372
254	KBTBD4	F199P;	Missense;	0.453163162850798
255	KBTBD4	T196T;E197G;	Silent;Missense;	-0.445225899495271
256	KBTBD4	L202P;	Missense;	1.54196981453241
257	KBTBD4	L206L;	Silent;	-0.249472625989508
258	KBTBD4	L206P;	Missense;	0.565745635728723
259	KBTBD4	L206P;	Missense;	0.703846018674581
260	KBTBD4	L207P;L206S;	Missense;Missense;	1.43062536245246
261	KBTBD4	H204R;	Missense;	-0.538618402907635
262	KBTBD4	D209D;	Silent;	-0.729343409665211
263	KBTBD4	D209D;	Silent;	-0.517430543449083
264	KBTBD4	I210T;D209D;	Missense;Silent;	-0.66281459478068
265	KBTBD4	I210T;D209D;	Missense;Silent;	-0.18804315438716
266	KBTBD4	I211T;I210T;	Missense;Missense;	0.218094499525583
267	KBTBD4	L206L;T208A;	Silent;Missense;	-0.607833117626363
268	KBTBD4	T208A;	Missense;	-0.593070731858135
269	KBTBD4	T208A;	Missense;	-0.837247637396587
270	KBTBD4	S212P;	Missense;	0.176538081199977
271	KBTBD4	Exon2:+2;	Splice-donor;	1.98865515435516
272	KBTBD4	T208T;D209G;I210V;	Silent;Missense;Missense;	-0.270117768915289
273	KBTBD4	Exon2:+2;	Splice-donor;	1.58245211812996
274	KBTBD4	I211V;	Missense;	-0.593013039974316
275	KBTBD4	I211V;	Missense;	-0.611561430643152
276	KBTBD4	I211V;	Missense;	-0.543967308272774
277	KBTBD4	Exon2:+8;Exon2:+7;	Intron;Intron;	-0.806489017663663
278	KBTBD4	Exon2:+3;	Intron;	-0.406926428502733
279	KBTBD4	Exon2:+18;	Intron;	-0.673031563575194
280	KBTBD4	Exon2:+22;Exon2:+25;	Intron;Intron;	-0.89399338245646
281	KBTBD4	Exon2:+37;Exon2:+34;Exon2:+33;	Intron;Intron;Intron;	-0.492800035610936
282	KBTBD4	Exon2:+22;Exon2:+25;	Intron;Intron;	-0.888957468639168
283	KBTBD4	Exon2:+38;Exon2:+37;	Intron;Intron;	-0.705682936321061
284	KBTBD4	Exon2:+38;Exon2:+37;	Intron;Intron;	-0.835124859653978
285	KBTBD4	Exon2:+42;Exon2:+38;	Intron;Intron;	-0.791961061368039
286	KBTBD4	Exon2:+27;Exon2:+31;	Intron;Intron;	-0.656825729276027
287	KBTBD4	Exon2:+31;	Intron;	-0.581581757158737
288	KBTBD4	Exon2:+44;Exon2:+42;	Intron;Intron;	-0.739421360176732
289	KBTBD4	Exon2:+47;Exon2:+44;	Intron;Intron;	-0.770888684915951
290	KBTBD4	Exon3:-8;Exon3:-12;	Intron;Intron;	-0.569126988599887
291	KBTBD4	Exon3:-8;	Intron;	-0.391846658961345
292	KBTBD4	Exon3:-6;	Intron;	-0.676863976806711
293	KBTBD4	Exon3:-6;	Intron;	-0.80058668414527
294	KBTBD4	D213D;	Silent;	-0.704368084622278
295	KBTBD4	D213D;	Silent;	-0.778517168007449
296	KBTBD4	D213D;	Silent;	-0.591288238125278
297	KBTBD4	Exon3:-4;	Intron;	-0.361764840910766
298	KBTBD4	V215A;	Missense;	-0.432562250000158
299	KBTBD4	Exon3:-4;Exon3:-2;	Intron;Splice-acceptor;	0.991914757305031
300	KBTBD4	C217R;V215V;	Missense;Silent;	-0.754253104482011
301	KBTBD4	C217R;	Missense;	-0.561153786516723
302	KBTBD4	S218P;C217R;	Missense;Missense;	-0.526515916267471
303	KBTBD4	G214G;	Silent;	-0.5411976257382
304	KBTBD4	Q219R;	Missense;	-0.519412465777528
305	KBTBD4	N220G;	Missense;	-0.734673312259398
306	KBTBD4	P221P;T222A;	Silent;Missense;	-0.692611120567397
307	KBTBD4	I225T;	Missense;	-0.295981799388079
308	KBTBD4	T222T;E223G;	Silent;Missense;	-0.485075778726308
309	KBTBD4	T222T;E223G;	Silent;Missense;	-0.618030220178215
310	KBTBD4	W228R;	Missense;	-0.584725612167337
311	KBTBD4	I229T;	Missense;	-0.509126807941409
312	KBTBD4	I229V;	Missense;	-0.73791953632311
313	KBTBD4	N232N;	Silent;	-0.797784293964187
314	KBTBD4	N232N;	Silent;	-0.893975982405178
315	KBTBD4	I229V;N230D;	Missense;Missense;	-0.753084598736232
316	KBTBD4	I229V;N230G;	Missense;Missense;	-0.89063130113364
317	KBTBD4	N230S;	Missense;	-0.655076563631639
318	KBTBD4	N232G;	Missense;	-1.03868447773759
319	KBTBD4	N232G;K233E;	Missense;Missense;	-0.53221883131261
320	KBTBD4	N232G;K233G;	Missense;Missense;	-1.09285266510655
321	KBTBD4	E234G;E235G;	Missense;Missense;	-0.741200541991305
322	KBTBD4	L243P;	Missense;	0.0863232213083945
323	KBTBD4	A240A;E241G;	Silent;Missense;	-0.728549705526136
324	KBTBD4	S242S;	Silent;	-0.597918115885245
325	KBTBD4	S242S;R244G;	Silent;Missense;	-0.539250990324157
326	KBTBD4	R244G;	Missense;	-0.357261647451477
327	KBTBD4	L247P;	Missense;	-0.563679041310397
328	KBTBD4	T245A;	Missense;	-0.568726888069705
329	KBTBD4	Exon3:+2;	Splice-donor;	1.67156297754338
330	KBTBD4	T245A;S246G;	Missense;Missense;	-0.379194193545976
331	KBTBD4	Exon3:+11;	Intron;	-0.650215013626243
332	KBTBD4	Exon3:+3;Exon3:+4;	Intron;Intron;	-0.248808223037498
333	KBTBD4	Exon3:+8;Exon3:+9;Exon3:+10;	Intron;Intron;Intron;	-0.840289224297844
334	KBTBD4	Exon3:+8;Exon3:+9;Exon3:+10;	Intron;Intron;Intron;	-0.659180456902554
335	KBTBD4	Exon3:+23;Exon3:+22;	Intron;Intron;	-0.826969825368978
336	KBTBD4	Exon3:+29;	Intron;	-0.99190166166899
337	KBTBD4	Exon3:+29;	Intron;	-0.821611271024638
338	KBTBD4	Exon3:+25;Exon3:+27;	Intron;Intron;	-0.937531074863461
339	KBTBD4	Exon3:+46;Exon3:+42;	Intron;Intron;	-0.454825335157434
340	KBTBD4	Exon4:-11;Exon4:-12;Exon4:-15;	Intron;Intron;Intron;	-1.16087825537014
341	KBTBD4	Exon4:-9;Exon4:-10;Exon4:-11;	Intron;Intron;Intron;	-0.483176066300387
342	KBTBD4	Exon4:-5;Exon4:-4;	Intron;Intron;	-0.228033022222906
343	KBTBD4	Exon4:-2;E249G;	Splice-acceptor;Missense;	1.77031625489133
344	KBTBD4	E249G;I250V;	Missense;Missense;	0.592353966897908
345	KBTBD4	N253G;	Missense;	0.545212332354189
346	KBTBD4	H255R;	Missense;	0.87532663954838
347	KBTBD4	H255R;	Missense;	-0.593501980621497
348	KBTBD4	H255R;I256V;	Missense;Missense;	-0.3354578109157
349	KBTBD4	I259I;	Silent;	-0.690131447288117
350	KBTBD4	I256V;Y257C;	Missense;Missense;	0.353044447826003
351	KBTBD4	Y257C;	Missense;	-0.431671214895791
352	KBTBD4	S263P;	Missense;	-0.663731116568241
353	KBTBD4	S264P;S263P;	Missense;Missense;	-0.565421241259007
354	KBTBD4	S263S;	Silent;	-0.601593352391975
355	KBTBD4	S263S;	Silent;	-0.857231185463551
356	KBTBD4	L269P;S268P;	Missense;Missense;	1.07500979711137
357	KBTBD4	T266A;	Missense;	-0.742580921256751
358	KBTBD4	L269P;	Missense;	0.225319474109507
359	KBTBD4	T266A;	Missense;	-0.535044695399654
360	KBTBD4	A270A;	Silent;	1.06691585483536
361	KBTBD4	S272P;V271A;	Missense;Missense;	1.68519889364333
362	KBTBD4	S272P;V271A;	Missense;Missense;	1.7083937533055
363	KBTBD4	L273L;S272P;	Silent;Missense;	1.83603140659099
364	KBTBD4	L273P;	Missense;	1.04767537572443
365	KBTBD4	L273P;	Missense;	1.25620340679094
366	KBTBD4	C275R;	Missense;	0.189946977554776
367	KBTBD4	H274R;	Missense;	-0.703821576103965
368	KBTBD4	D278D;	Silent;	-0.518570247533567
369	KBTBD4	S280P;D278D;	Missense;Silent;	-0.4219331203394
370	KBTBD4	S280P;	Missense;	1.48537613611707
371	KBTBD4	A276A;E277G;	Silent;Missense;	-0.6355183154324
372	KBTBD4	E277G;D278G;	Missense;Missense;	-0.442032487689781
373	KBTBD4	I281T;	Missense;	1.67227370106389
374	KBTBD4	D278G;D279G;	Missense;Missense;	-0.460102490370466
375	KBTBD4	D279G;	Missense;	-0.75909998630178
376	KBTBD4	D279G;	Missense;	-0.809023704844255
377	KBTBD4	S284S;	Silent;	-0.638112123619529
378	KBTBD4	V283V;	Silent;	-0.472817178945356
379	KBTBD4	V283V;S284G;	Silent;Missense;	-0.172080142822469
380	KBTBD4	Q286Q;N287G;S288G;	Silent;Missense;Missense;	-0.0563888959255365
381	KBTBD4	I293T;	Missense;	-0.245592531544298
382	KBTBD4	H291R;	Missense;	-0.734815474800971
383	KBTBD4	H291R;Q292R;	Missense;Missense;	-0.635151292374091
384	KBTBD4	C297R;	Missense;	1.23269187590415
385	KBTBD4	C297R;	Missense;	1.54442861591067
386	KBTBD4	I293V;T294A;	Missense;Missense;	-0.286554289240662
387	KBTBD4	C297R;	Missense;	1.57439401490013
388	KBTBD4	T294A;	Missense;	-0.498706537728016
389	KBTBD4	H299H;	Silent;	-0.443789612624888
390	KBTBD4	H299H;	Silent;	-0.687615454353206
391	KBTBD4	G300G;	Silent;	-0.696837230300881
392	KBTBD4	K298G;	Missense;	-0.30167915093697
393	KBTBD4	L303P;	Missense;	-0.282360756458838
394	KBTBD4	H299R;	Missense;	1.54804519651048
395	KBTBD4	Y304H;	Missense;	1.48101539702033
396	KBTBD4	G301G;	Silent;	-0.646046066723556
397	KBTBD4	G301G;D302G;	Silent;Missense;	-0.482068562610577
398	KBTBD4	G301G;D302G;	Silent;Missense;	0.364668723734328
399	KBTBD4	D302G;	Missense;	0.481182573006806
400	KBTBD4	D302G;	Missense;	0.562116246587055
401	KBTBD4	G307G;	Silent;	-0.645918265460605
402	KBTBD4	G307G;	Silent;	-0.597444491446837
403	KBTBD4	G307G;	Silent;	-0.812083547239269
404	KBTBD4	I310V;	Missense;	0.140777870024786
405	KBTBD4	I310V;	Missense;	-0.030771170560321
406	KBTBD4	I310V;	Missense;	0.112762096958672
407	KBTBD4	W315R;M314T;	Missense;Missense;	0.585781872175086
408	KBTBD4	W315R;M314T;	Missense;Missense;	1.62646667591051
409	KBTBD4	P311P;	Silent;	-0.597948682186311
410	KBTBD4	P311P;	Silent;	-0.398237770821631
411	KBTBD4	C317R;	Missense;	-0.48040966700998
412	KBTBD4	C317R;	Missense;	-0.864188180387626
413	KBTBD4	C317R;	Missense;	-0.615957427242135
414	KBTBD4	M314V;	Missense;	0.456129260731328
415	KBTBD4	N319N;	Silent;	-0.851379388154255
416	KBTBD4	K316G;	Missense;	0.436371388885834
417	KBTBD4	N318G;	Missense;	-0.50240885729728
418	KBTBD4	N318S;N319G;	Missense;Missense;	-0.739528680881948
419	KBTBD4	V322A;	Missense;	-0.245749260143361
420	KBTBD4	N319G;	Missense;	-0.753626873172544
421	KBTBD4	N319G;	Missense;	-0.560006772188931
422	KBTBD4	W324R;	Missense;	0.110288710433043
423	KBTBD4	T321A;	Missense;	-0.643469464501552
424	KBTBD4	T321A;	Missense;	-0.73523826163572
425	KBTBD4	T321A;	Missense;	-0.641388447468931
426	KBTBD4	W326R;	Missense;	-0.663328585509203
427	KBTBD4	W326R;	Missense;	-0.791318208166057
428	KBTBD4	D323G;	Missense;	-0.951358100794083
429	KBTBD4	C327R;W326R;	Missense;Missense;	-0.605438721015807
430	KBTBD4	C327R;	Missense;	-0.485821147834245
431	KBTBD4	P329P;A328A;	Silent;Silent;	-0.496085710452842
432	KBTBD4	E325G;	Missense;	-0.389582846127057
433	KBTBD4	L335P;	Missense;	0.46755679609829
434	KBTBD4	L339P;	Missense;	-0.665424236944202
435	KBTBD4	L339P;	Missense;	0.733180299187956
436	KBTBD4	S341P;V340A;	Missense;Missense;	-0.173883424447666
437	KBTBD4	Q336R;H337R;	Missense;Missense;	1.16235200533514
438	KBTBD4	S341P;V340A;	Missense;Missense;	0.822588817287914
439	KBTBD4	H337R;T338A;	Missense;Missense;	1.59484019192535
440	KBTBD4	S341P;	Missense;	0.249054513361816
441	KBTBD4	V342A;S341S;	Missense;Silent;	-0.259641695444688
442	KBTBD4	T338A;	Missense;	-0.479236375048169
443	KBTBD4	V342A;	Missense;	-0.578604332473553
444	KBTBD4	D346D;	Silent;	-0.493413519441602
445	KBTBD4	Y349H;I348T;	Missense;Missense;	1.70550298592293
446	KBTBD4	Y349H;I348T;	Missense;Missense;	0.62717122906098
447	KBTBD4	Y349H;I348T;	Missense;Missense;	1.99271541295908
448	KBTBD4	K345K;D346G;	Silent;Missense;	-0.195648742239023
449	KBTBD4	D346G;	Missense;	-0.448115389871501
450	KBTBD4	D346G;	Missense;	-0.0194166195963744
451	KBTBD4	I348V;	Missense;	-0.366482543774913
452	KBTBD4	I348V;	Missense;	-0.650967128650599
453	KBTBD4	G352G;	Silent;	-0.666616507731149
454	KBTBD4	G352G;	Silent;	-0.695217024257034
455	KBTBD4	I348M;Y349C;	Missense;Missense;	0.915135652270927
456	KBTBD4	S350S;	Silent;	-0.824300129710324
457	KBTBD4	L356P;	Missense;	-0.474193866309591
458	KBTBD4	L356P;	Missense;	0.504097967175573
459	KBTBD4	D358D;	Silent;	-0.486058878109756
460	KBTBD4	S361P;L360P;	Missense;Missense;	0.17469884166222
461	KBTBD4	S361P;	Missense;	0.637431530381435
462	KBTBD4	Q357R;D358G;	Missense;Missense;	-0.525700803210994
463	KBTBD4	D358G;T359A;	Missense;Missense;	0.159125754646269
464	KBTBD4	I365T;V364A;	Missense;Missense;	-0.21801836554564
465	KBTBD4	I365T;V364A;	Missense;Missense;	-1.08437538530417
466	KBTBD4	Y366H;I365T;	Missense;Missense;	-0.176668140638413
467	KBTBD4	Y366H;I365T;	Missense;Missense;	0.392985204224942
468	KBTBD4	Y367H;Y366H;	Missense;Missense;	0.0825035221427465
469	KBTBD4	N362S;A363A;	Missense;Silent;	-0.443039478096666
470	KBTBD4	Y367H;Y366Y;	Missense;Silent;	-0.150795343661681
471	KBTBD4	A363A;	Silent;	-0.742989903579675
472	KBTBD4	Y367Y;	Silent;	-0.563377186417547
473	KBTBD4	I365V;	Missense;	-0.408156083784192
474	KBTBD4	V369A;	Missense;	-0.345981486075992
475	KBTBD4	I365V;	Missense;	-0.634919690440391
476	KBTBD4	I365V;Y366C;	Missense;Missense;	-0.685001135266759
477	KBTBD4	G370G;V369A;	Silent;Missense;	-0.420067976989152
478	KBTBD4	Y367C;	Missense;	-0.380114678919921
479	KBTBD4	V369V;	Silent;	-0.391777145602887
480	KBTBD4	V369V;	Silent;	-0.446495973426561
481	KBTBD4	W374R;V373A;N372N;	Missense;Missense;Silent;	0.318785298685511
482	KBTBD4	W374R;V373A;	Missense;Missense;	0.746914214840777
483	KBTBD4	D371G;	Missense;	-0.251005527424579
484	KBTBD4	D371G;N372D;	Missense;Missense;	-0.499946612819495
485	KBTBD4	T375A;	Missense;	-0.447831285946853
486	KBTBD4	T375A;E376G;	Missense;Missense;	-0.269637760617091
487	KBTBD4	T375T;E376G;T377A;	Silent;Missense;Missense;	-0.444867762468746
488	KBTBD4	E376G;T377A;	Missense;Missense;	-0.0725452777406273
489	KBTBD4	L380P;	Missense;	-0.244133570875426
490	KBTBD4	T377A;T378A;	Missense;Missense;	-0.671714194143504
491	KBTBD4	T377A;T378A;	Missense;Missense;	-0.424091946190865
492	KBTBD4	T378A;Q379R;	Missense;Missense;	-0.814160238567945
493	KBTBD4	V382A;	Missense;	-0.530502441778441
494	KBTBD4	Q379R;	Missense;	-0.794220247895135
495	KBTBD4	V384A;A383A;	Missense;Silent;	1.21286566846216
496	KBTBD4	S385P;V384A;A383A;	Missense;Missense;Silent;	0.288974403815117
497	KBTBD4	L380L;E381G;	Silent;Missense;	-0.80530056785177
498	KBTBD4	L380L;E381G;	Silent;Missense;	-0.566064182141229
499	KBTBD4	L380L;E381G;	Silent;Missense;	-0.66762255656473
500	KBTBD4	S385P;	Missense;	0.876643558743417
501	KBTBD4	E381G;	Missense;	-0.426453644443794
502	KBTBD4	A388A;	Silent;	-0.599341945453669
503	KBTBD4	L392P;	Missense;	-0.29053323038154
504	KBTBD4	I396T;I395T;	Missense;Missense;	1.30218799235327
505	KBTBD4	I396T;I395T;	Missense;Missense;	0.786220294119987
506	KBTBD4	Y397H;I396T;	Missense;Missense;	1.0912591338631
507	KBTBD4	L398L;Y397H;	Silent;Missense;	1.41787069284763
508	KBTBD4	L398P;	Missense;	1.66438412066031
509	KBTBD4	I395V;	Missense;	-0.758759443242701
510	KBTBD4	I395V;	Missense;	-0.317858190714933
511	KBTBD4	L399P;L398S;	Missense;Missense;	0.443396261399756
512	KBTBD4	I395V;I396V;	Missense;Missense;	-0.197997559662827
513	KBTBD4	I395V;I396V;	Missense;Missense;	0.68239837983828
514	KBTBD4	I396V;	Missense;	0.645205164511709
515	KBTBD4	I396V;	Missense;	0.570040092162868
516	KBTBD4	I396V;Y397C;	Missense;Missense;	0.870739393493253
517	KBTBD4	Y397C;	Missense;	-0.486769085082728
518	KBTBD4	Y397C;	Missense;	0.454167104967036
519	KBTBD4	L398L;	Silent;	-0.706177680852449
520	KBTBD4	L399L;	Silent;	-0.729950767484165
521	KBTBD4	N404N;	Silent;	-0.784528681609762
522	KBTBD4	E402G;	Missense;	-0.462934042008244
523	KBTBD4	S413P;P412P;	Missense;Silent;	0.462048220703875
524	KBTBD4	I416T;L415P;	Missense;Missense;	-0.295453655168196
525	KBTBD4	I416T;L415P;	Missense;Missense;	1.03263587820045
526	KBTBD4	K411K;	Silent;	-0.395323500904569
527	KBTBD4	C418R;	Missense;	1.6317102126821
528	KBTBD4	C418R;	Missense;	1.30016882416341
529	KBTBD4	R414R;	Silent;	-0.746466859514261
530	KBTBD4	F419P;C418R;	Missense;Missense;	-0.44195848479
531	KBTBD4	F419P;	Missense;	-0.415127547296301
532	KBTBD4	F419P;	Missense;	1.47550313398042
533	KBTBD4	F419F;	Silent;	-0.815446885949093
534	KBTBD4	I416V;Q417R;	Missense;Missense;	1.8537046580714
535	KBTBD4	Q417R;	Missense;	0.0321118651287909
536	KBTBD4	D420G;T421A;	Missense;Missense;	1.06216279953214
537	KBTBD4	C426R;	Missense;	-0.569408564716039
538	KBTBD4	E422G;T423A;	Missense;Missense;	-0.274470480576461
539	KBTBD4	C426R;	Missense;	0.298956194832254
540	KBTBD4	T423A;	Missense;	-0.568258308843172
541	KBTBD4	T423T;D424G;K425E;	Silent;Missense;Missense;	-0.268749972823111
542	KBTBD4	V428A;	Missense;	-0.138908267586439
543	KBTBD4	H427R;	Missense;	-0.49336427518342
544	KBTBD4	H427R;	Missense;	-0.325815892915156
545	KBTBD4	V432A;Y431Y;	Missense;Silent;	0.322961684139298
546	KBTBD4	K429E;	Missense;	0.474098812021178
547	KBTBD4	V432A;Y431Y;	Missense;Silent;	0.404644821689822
548	KBTBD4	Y431C;	Missense;	-0.10776900245343
549	KBTBD4	F435P;	Missense;	0.689403040339335
550	KBTBD4	Y431C;	Missense;	1.10699752371522
551	KBTBD4	F435P;	Missense;	-0.120782888169215
552	KBTBD4	Y431C;	Missense;	1.04361194184228
553	KBTBD4	F435S;	Missense;	0.758316471528968
554	KBTBD4	M439T;	Missense;	1.51589851579816
555	KBTBD4	M439T;	Missense;	0.0463952208448752
556	KBTBD4	M439T;	Missense;	1.84332121660274
557	KBTBD4	A436A;	Silent;	-0.748808145169035
558	KBTBD4	M439V;	Missense;	1.04927843416098
559	KBTBD4	V443A;A442A;	Missense;Silent;	-0.414984669123962
560	KBTBD4	V443A;A442A;	Missense;Silent;	-0.630998380492753
561	KBTBD4	H444H;V443A;	Silent;Missense;	-0.611976570040765
562	KBTBD4	H440R;	Missense;	0.866782536315403
563	KBTBD4	H444H;	Silent;	-0.589144308821284
564	KBTBD4	D446D;	Silent;	-0.581876335421228
565	KBTBD4	A441A;	Silent;	-0.566328113674317
566	KBTBD4	L447P;D446D;	Missense;Silent;	-0.651319810369808
567	KBTBD4	V448A;L447P;	Missense;Missense;	0.81802192943214
568	KBTBD4	F449P;	Missense;	1.51434003799406
569	KBTBD4	K445G;D446G;	Missense;Missense;	0.517645678644221
570	KBTBD4	K445K;D446G;	Silent;Missense;	-0.529964441164458
571	KBTBD4	D446G;	Missense;	-0.620623767074542
572	KBTBD4	A452A;	Silent;	-0.704135606070217
573	KBTBD4	I450V;	Missense;	-0.0270028617756074
574	KBTBD4	I450V;	Missense;	-0.365476601403715
575	KBTBD4	S456P;	Missense;	-0.482595143424192
576	KBTBD4	E453G;	Missense;	-0.427447210893812
577	KBTBD4	E453G;	Missense;	-0.314005733186281
578	KBTBD4	V458A;L457P;	Missense;Missense;	1.69566915472155
579	KBTBD4	E453G;	Missense;	-0.346362514416775
580	KBTBD4	N461N;	Silent;	-0.682584984495871
581	KBTBD4	N461N;	Silent;	-0.534693640444603
582	KBTBD4	N461N;	Silent;	-0.499178085231493
583	KBTBD4	L463L;N461N;	Silent;Silent;	-0.353348115991624
584	KBTBD4	Y460C;	Missense;	1.55667875455273
585	KBTBD4	Y460C;N461G;	Missense;Missense;	0.581128159256278
586	KBTBD4	L464P;	Missense;	1.91399355746274
587	KBTBD4	F467P;	Missense;	0.109737794659952
588	KBTBD4	F467P;	Missense;	0.297635974615504
589	KBTBD4	L464L;	Silent;	-0.762304822820314
590	KBTBD4	F467S;	Missense;	0.28774527320623
591	KBTBD4	L464L;	Silent;	-0.655469193404446
592	KBTBD4	D465G;S466G;	Missense;Missense;	-0.0980280299223383
593	KBTBD4	C471R;L470P;	Missense;Missense;	-0.550167481277962
594	KBTBD4	L472P;	Missense;	-0.647645120151315
595	KBTBD4	T468A;	Missense;	1.05309545856393
596	KBTBD4	P473P;L472P;	Silent;Missense;	-0.309467600467772
597	KBTBD4	P473P;	Silent;	-0.608582556692306
598	KBTBD4	P473P;	Silent;	-0.826930800676932
599	KBTBD4	P473P;	Silent;	-0.870739159264053
600	KBTBD4	W476R;	Missense;	-0.45202059240134
601	KBTBD4	S478P;	Missense;	-0.535160207262375
602	KBTBD4	E474G;	Missense;	-0.983723112263289
603	KBTBD4	S478P;	Missense;	-0.579666368343611
604	KBTBD4	S478P;	Missense;	-0.704123617866435
605	KBTBD4	S481P;	Missense;	-0.226114561924081
606	KBTBD4	S481P;	Missense;	-0.336604938804967
607	KBTBD4	W483R;L482P;	Missense;Missense;	-0.37466034453926
608	KBTBD4	W483R;	Missense;	-0.758130466435098
609	KBTBD4	P480P;	Silent;	-0.562011159406479
610	KBTBD4	I485T;	Missense;	-0.590464665913562
611	KBTBD4	I485T;	Missense;	-0.176083978797899
612	KBTBD4	I485T;	Missense;	0.443992417269461
613	KBTBD4	I485T;	Missense;	-0.0862219116842884
614	KBTBD4	C488R;	Missense;	0.263688971995713
615	KBTBD4	C488R;	Missense;	1.29685025288308
616	KBTBD4	K484G;I485V;	Missense;Missense;	-0.261616608344483
617	KBTBD4	K484R;I485V;	Missense;Missense;	-0.520995309763369
618	KBTBD4	I485V;	Missense;	0.0929969101269474
619	KBTBD4	I492T;	Missense;	-0.614017623750735
620	KBTBD4	I492T;	Missense;	-0.685958227543674
621	KBTBD4	N489G;	Missense;	-0.402998116439007
622	KBTBD4	Y493H;I492T;	Missense;Missense;	0.694404654888889
623	KBTBD4	S491G;	Missense;	-0.141939883489438
624	KBTBD4	F495P;V494A;	Missense;Missense;	0.462184297000956
625	KBTBD4	S491G;I492V;	Missense;Missense;	-0.0515075563298043
626	KBTBD4	S491G;I492V;	Missense;Missense;	-0.012649751415149
627	KBTBD4	Y493C;	Missense;	-0.352303441240678
628	KBTBD4	D497G;	Missense;	-0.685918490516592
629	KBTBD4	D497G;	Missense;	-0.573250065203688
630	KBTBD4	D497G;	Missense;	-0.4952788171128
631	KBTBD4	D497G;	Missense;	-0.542331319429565
632	KBTBD4	R498R;Y499C;	Silent;Missense;	-0.894691319028641
633	KBTBD4	D503G;	Missense;	-0.617589562214593
634	KBTBD4	N505G;	Missense;	-0.709922034109327
635	KBTBD4	L509P;	Missense;	-0.109781021029622
636	KBTBD4	L509P;	Missense;	-0.638371750207798
637	KBTBD4	T506A;Y507C;	Missense;Missense;	-0.461989871928992
638	KBTBD4	P511P;	Silent;	-0.503467170576405
639	KBTBD4	P511P;	Silent;	-0.641391702506016
640	KBTBD4	P511P;	Silent;	-0.792373617417804
641	KBTBD4	T513T;	Silent;	-0.619738864162513
642	KBTBD4	D510G;	Missense;	-0.732975207752457
643	KBTBD4	S514P;T513T;	Missense;Silent;	-0.333910349114875
644	KBTBD4	D510G;	Missense;	-0.608619629074869
645	KBTBD4	V516A;	Missense;	-0.625604671021314
646	KBTBD4	V516A;	Missense;	-0.338980109629374
647	KBTBD4	T513A;	Missense;	-0.264678231942326
648	KBTBD4	V516A;	Missense;	-0.398997551514964
649	KBTBD4	V518A;T517T;	Missense;Silent;	-0.683315870007094
650	KBTBD4	V518A;T517T;	Missense;Silent;	-0.576823547673292
651	KBTBD4	V518A;	Missense;	-0.79359985721926
652	KBTBD4	S514S;	Silent;	-0.831301489475032
653	KBTBD4	V516V;	Silent;	-0.69662475082859
654	KBTBD4	G521G;	Silent;	-0.946389991995731
655	KBTBD4	T519A;	Missense;	-0.722359932765002
656	KBTBD4	T519A;	Missense;	-0.500237681438918
657	KBTBD4	I522T;	Missense;	-0.647714821971098
658	KBTBD4	T519A;R520G;	Missense;Missense;	-0.604772992543634
659	KBTBD4	V524A;	Missense;	-0.615894316682622
660	KBTBD4	T519T;R520G;	Silent;Missense;	-0.680266637211055
661	KBTBD4	L525P;V524A;	Missense;Missense;	-0.696898245624494
662	KBTBD4	F531L;	Missense;	-0.424179334222217
663	KBTBD4	T527A;	Missense;	-0.306747663670774
664	KBTBD4	T527A;N528D;	Missense;Missense;	-0.675519682530541
665	KBTBD4	F531P;	Missense;	0.665811323889573
666	KBTBD4	N528G;	Missense;	-0.352061674727499
667	KBTBD4	N528G;	Missense;	-0.76366141608868
668	KBTBD4	L533P;V532A;	Missense;Missense;	-0.494082639301221
669	KBTBD4	L533P;V532A;	Missense;Missense;	0.92455255971999
670	KBTBD4	Q530R;	Missense;	-0.54372209780062
671	KBTBD4	Q530R;	Missense;	-0.709351452455867
672	KBTBD4	*535Q;	Missense;	0.812184128379399
673	KBTBD4	*535*;	Silent;	0.260748979038867
674	KBTBD4	*535W;	Missense;	0.421983008927463
675	KBTBD4	*535W;	Missense;	1.07453957719393
676	KBTBD4	*535W;	Missense;	-0.199292558941693
677	KBTBD4	*535*;	Silent;	-0.584312317922149
678	KBTBD4	utr;	UTR;	-0.349005776565126
679	KBTBD4	utr;utr;	UTR;UTR;	-0.398251631203018
680	KBTBD4	utr;	UTR;	-0.394403689840654
681	KBTBD4		No Mutation	-0.60333892013527
682	KBTBD4		No Mutation	-0.702912299965539
683	KBTBD4		No Mutation	-0.660147698774067
684	KBTBD4		No Mutation	-0.46851506519423
685	KBTBD4		No Mutation	-0.915709734423626
686	KBTBD4		No Mutation	-0.578508849298133
687	KBTBD4		No Mutation	-0.716278637209572
688	KBTBD4		No Mutation	-0.903410130684107
689	KBTBD4		No Mutation	-0.569551839906588
690	KBTBD4		No Mutation	-0.237773199732547
691	KBTBD4		No Mutation	-0.475969158573301
692	KBTBD4		No Mutation	-0.474354683392089
693	KBTBD4		No Mutation	-0.713213049135041
694	KBTBD4		No Mutation	-0.551378168334228
695	KBTBD4		No Mutation	-0.505162610490148
696	KBTBD4		No Mutation	-0.468421309245947
697	KBTBD4		No Mutation	-0.584924471130247
698	KBTBD4		No Mutation	-0.780731850417723
699	KBTBD4		No Mutation	-0.765851997908454
700	KBTBD4		No Mutation	-0.752021209640294
701	KBTBD4		No Mutation	-1.04963448044446
702	KBTBD4		No Mutation	-0.664973478549464
703	KBTBD4		No Mutation	-0.50426606822922
704	KBTBD4		No Mutation	-0.508181606732463
705	KBTBD4		No Mutation	-0.75263943866742
706	KBTBD4		No Mutation	-0.970105759084931
707	KBTBD4		No Mutation	-0.51714741685299
708	KBTBD4		No Mutation	-0.624180850178939
709	KBTBD4		No Mutation	-0.580425356641784
710	KBTBD4		No Mutation	-0.656701736594761
711	KBTBD4		No Mutation	-0.63690100753692
712	KBTBD4		No Mutation	-0.448862982746742
713	KBTBD4		No Mutation	-0.705663280085139
714	KBTBD4		No Mutation	-0.693441713272196
715	KBTBD4		No Mutation	-1.11454639889744
716	KBTBD4		No Mutation	-0.372494875461794
717	KBTBD4		No Mutation	-0.723985233540523
718	KBTBD4		No Mutation	-0.454336945888687
719	KBTBD4		No Mutation	-0.546283817785411
720	KBTBD4		No Mutation	-0.77544224449037
721	KBTBD4		No Mutation	-0.881566185292265
722	KBTBD4		No Mutation	-0.835149604757687
723	KBTBD4		No Mutation	-0.621193931328681
724	KBTBD4		No Mutation	-0.556836181776284
725	KBTBD4		No Mutation	-0.589788316061906
726	KBTBD4		No Mutation	-0.477348355004608
727	KBTBD4		No Mutation	-0.590235955448156
728	KBTBD4		No Mutation	-0.55267732213571
729	KBTBD4		No Mutation	-0.705360280095775
730	KBTBD4		No Mutation	-0.735168615641441
731	KBTBD4		No Mutation	-0.715862913810951
732	KBTBD4		No Mutation	-0.419739541638162
733	KBTBD4		No Mutation	-0.602890629026879
734	KBTBD4		No Mutation	-1.01574570887328
735	KBTBD4		No Mutation	-0.526322460768094
736	KBTBD4		No Mutation	-0.657302807752051
737	KBTBD4		No Mutation	-0.673646031452377
738	KBTBD4		No Mutation	-0.867816687358567
739	KBTBD4		No Mutation	-0.679684963448522
740	KBTBD4		No Mutation	-0.417874780301473
741	KBTBD4		No Mutation	-0.7403136071025
742	KBTBD4		No Mutation	-0.765546838909629
743	KBTBD4		No Mutation	-0.611629143087578
744	KBTBD4		No Mutation	-0.821694947326561
745	KBTBD4		No Mutation	-0.256436611374098
746	KBTBD4		No Mutation	-0.735411799024915
747	KBTBD4		No Mutation	-0.99975492144356
748	KBTBD4		No Mutation	-0.645445924136016
749	KBTBD4		No Mutation	-0.69279901012065
750	KBTBD4		No Mutation	-0.476375170305475
751	KBTBD4		No Mutation	-0.937175635048704
752	KBTBD4		No Mutation	-0.771387136124617
753	KBTBD4		No Mutation	-0.602629927245351
754	KBTBD4		No Mutation	-0.639452611101984
755	KBTBD4		No Mutation	-0.702582327021105
756	KBTBD4		No Mutation	-0.86421188293469
757	KBTBD4		No Mutation	-0.562690388905027
758	KBTBD4		No Mutation	-0.402597167817864
759	KBTBD4		No Mutation	-0.767377684819629
760	KBTBD4		No Mutation	-0.546106465705682
761	KBTBD4		No Mutation	-0.623818364064258
762	KBTBD4		No Mutation	-0.696695212028174
763	KBTBD4		No Mutation	-0.696845103038491
764	KBTBD4		No Mutation	-0.587856628854249
765	KBTBD4		No Mutation	-0.663426025506633
766	KBTBD4		No Mutation	-0.986309052003427
767	KBTBD4		No Mutation	-0.769542324001429
768	KBTBD4		No Mutation	-0.534817947004797
769	KBTBD4		No Mutation	-0.882769384955398
770	KBTBD4		No Mutation	-0.63104505713189
771	KBTBD4		No Mutation	-0.641812541290213
772	KBTBD4		No Mutation	-0.398304015320282
773	KBTBD4		No Mutation	-0.966111730076384
774	KBTBD4		No Mutation	-0.91688152453984
775	KBTBD4		No Mutation	-0.350589706525669
776	KBTBD4		No Mutation	-0.745038877191036
777	KBTBD4		No Mutation	-0.511084649528488
778	KBTBD4		No Mutation	-0.650912442615213
779	KBTBD4		No Mutation	-0.655696946238578
780	KBTBD4		No Mutation	-0.686418434253151
781	KBTBD4		No Mutation	-1.30864192545154
782	KBTBD4		No Mutation	-0.795133395101088
783	KBTBD4		No Mutation	-0.581711001846686
784	KBTBD4		No Mutation	-0.434200274871512
785	KBTBD4		No Mutation	-0.491860498685786
786	KBTBD4		No Mutation	-0.728435977663225
787	KBTBD4		No Mutation	-0.857059063880346
788	KBTBD4		No Mutation	-0.690571864866387
789	KBTBD4		No Mutation	-0.674247821156142
790	KBTBD4		No Mutation	-0.625845040551016
791	KBTBD4		No Mutation	-0.716706836471948
792	KBTBD4		No Mutation	-1.0630478875087
793	KBTBD4		No Mutation	-0.754608018820084
794	KBTBD4		No Mutation	-0.45855917448302
795	KBTBD4		No Mutation	-0.820387185743859
796	KBTBD4		No Mutation	-0.708284532359432
797	KBTBD4		No Mutation	-0.941947823145714
798	KBTBD4		No Mutation	-0.370287537142434
799	KBTBD4		No Mutation	-0.525436282644473
800	KBTBD4		No Mutation	-0.797862230444395
801	KBTBD4		No Mutation	-0.494054179039306
802	KBTBD4		No Mutation	-0.806320556905082
803	KBTBD4		No Mutation	-0.302398905490091
804	KBTBD4		No Mutation	-0.495383127025398
805	KBTBD4		No Mutation	-0.585071736415632
806	KBTBD4		No Mutation	-0.924785579484654
807	KBTBD4		No Mutation	-0.698081611920004
808	KBTBD4		No Mutation	-0.816051869438656
809	KBTBD4		No Mutation	-0.706132889854279
810	KBTBD4		No Mutation	-0.811908807988261
811	KBTBD4		No Mutation	-0.599183898099981
812	KBTBD4		No Mutation	-0.652324853889634
813	KBTBD4		No Mutation	-0.819080624602975
814	KBTBD4		No Mutation	-0.734276978562647
815	KBTBD4		No Mutation	-0.115088047399646
816	KBTBD4		No Mutation	-1.06466718069312
817	KBTBD4		No Mutation	-0.720020924430744
818	KBTBD4		No Mutation	-0.210594525602958
819	KBTBD4		No Mutation	-0.216653999560843
820	KBTBD4		No Mutation	-0.556229789849761
821	KBTBD4		No Mutation	-0.826798759445507
822	KBTBD4		No Mutation	-0.759458940798178
823	KBTBD4		No Mutation	-0.955249637934006
824	KBTBD4		No Mutation	-0.580022914994425
825	KBTBD4		No Mutation	-0.826199173444904
826	KBTBD4		No Mutation	-0.710862642356658
827	KBTBD4		No Mutation	-0.557323636068104
828	KBTBD4		No Mutation	-0.632638220965751
829	KBTBD4		No Mutation	-0.565099290372616
830	KBTBD4		No Mutation	-0.853057477797125
831	KBTBD4		No Mutation	-0.381710782270197
832	KBTBD4		No Mutation	-0.643210555940483
833	KBTBD4		No Mutation	-0.760548490568039
834	KBTBD4		No Mutation	-0.432863295800308
835	KBTBD4		No Mutation	-0.415664722068119
836	KBTBD4		No Mutation	-0.589008141178236
837	KBTBD4		No Mutation	-0.405063581368596
838	KBTBD4		No Mutation	-0.532813470499164
839	KBTBD4		No Mutation	-1.22633367893108
840	KBTBD4		No Mutation	-0.843807630151745
841	KBTBD4		No Mutation	-0.766333865205151
842	KBTBD4		No Mutation	-0.521673754117482
843	KBTBD4		No Mutation	-0.676172710769349
844	KBTBD4		No Mutation	-0.470073202813292
845	KBTBD4		No Mutation	-0.78346332356208
846	KBTBD4		No Mutation	-0.794695563739285
847	KBTBD4		No Mutation	-0.379863725075157
848	KBTBD4		No Mutation	0.0049740097950744
849	KBTBD4		No Mutation	-0.667962799819051
850	KBTBD4		No Mutation	-0.788202333567711
851	KBTBD4		No Mutation	-0.661555423511825
852	KBTBD4		No Mutation	-0.618933230050364
853	KBTBD4		No Mutation	-0.511105422638056
854	KBTBD4		No Mutation	-0.595595041171417
855	KBTBD4		No Mutation	-0.694858368620424
856	KBTBD4		No Mutation	-0.795988113453426
857	KBTBD4		No Mutation	-0.374087475687288
858	KBTBD4		No Mutation	-0.730754896628874
859	KBTBD4		No Mutation	-0.530874260522719
860	KBTBD4		No Mutation	-0.429862769805272
861	KBTBD4		No Mutation	-0.629099705737577
862	KBTBD4		No Mutation	-0.627587150995271
863	KBTBD4		No Mutation	-0.649023490183452
864	KBTBD4		No Mutation	-0.637364527231884
865	KBTBD4		No Mutation	-0.913024980324691
866	KBTBD4		No Mutation	-0.587797435247501
867	KBTBD4		No Mutation	-0.95606019778114
868	KBTBD4		No Mutation	-0.648323630696305
869	KBTBD4		No Mutation	-0.825158624125588
870	KBTBD4		No Mutation	-0.573456420145186
871	KBTBD4		No Mutation	-0.518325326872792
872	KBTBD4		No Mutation	-0.758485748928593
873	KBTBD4		No Mutation	-0.590529154651264
874	KBTBD4		No Mutation	-0.802159460610032
875	KBTBD4		No Mutation	-0.457579513745269
876	KBTBD4		No Mutation	-0.680403034206435
877	KBTBD4		No Mutation	-0.646785795987695
878	KBTBD4		No Mutation	-0.537772518319598
879	KBTBD4		No Mutation	-0.524000592519701
