predicted_edit	guide_order_targeting_the_MEN1_locus	delta_beta_score
utr;utr;utr;utr;	1	-0.3206643
utr;utr;utr;utr;	2	0.27466
utr;utr;utr;	3	0.608585
utr;utr;utr;	4	0.09049
utr;utr;	5	-0.02731
utr;	6	0.233
Gly2Arg;Met1Ile;	7	0.12456
Gly2Lys;Met1Ile;	8	-0.1338822
Gly2Lys;	9	-0.241233
Leu3Leu;	10	-0.38737
Lys4Lys;Leu3Leu;	11	0.4338
Ala5Thr;Lys4Lys;	12	0.06571
Ala6Thr;	13	0.55689
Leu10Leu;	14	-0.4333
Arg14Cys;	15	-0.23533
Pro12Pro;	16	0.21649
Pro12Pro;	17	0.80307
Asp18Asn;Asp17Asn;	18	0.560411
Asp18Asn;Asp17Asn;	19	0.277826
Arg21Arg;Leu22Leu;	20	0.393849
Leu22Leu;	21	-0.02607
Arg21His;Val20Val;	22	-0.323572
Ala25Val;	23	-0.42224
Leu27Leu;	24	-0.21563
Gly28Gly;Arg29Ter;	25	-0.11027
Gly28Ser;Leu27Leu;Glu26Glu;	26	-0.8083
Glu31Lys;Glu30Glu;	27	0.52432
Asp33Asp;Leu34Leu;	28	-0.09312
Leu36Phe;Leu37Phe;	29	-0.00614
Leu36Phe;Leu37Phe;	30	0.36786
Val35Met;Leu34Leu;	31	-0.774799
Ser38Ser;	32	0.26868
none	33	0.28918
Val40Met;Leu39Leu;	34	-0.1594
Gly42Asn;Leu41Leu;	35	0.643435
Val44Ile;	36	-3.7039
Val58Ile;	37	0.50411
Glu60Lys;	38	-0.62666
Glu60Lys;	39	0.03731
none	40	0.589046
Pro67Phe;Ala68Val;	41	-0.00758
Gln64Gln;	42	-0.23521
Gln64Gln;	43	0.89844
Ala68Val;Pro69Phe;	44	-0.03312
Ala68Thr;	45	0.26801
Asp70Asn;	46	0.07725
Pro71Pro;	47	0.985893
Gly74Gly;Leu75Phe;	48	-0.09105
Gly73Ser;Pro71Pro;	49	0.62681
Gly73Asn;	50	0.6024
Gly73Asn;	51	0.35902
Gly74Asn;Gly73Asp;	52	0.86497
Gly74Asn;	53	-0.47356
Gly74Asn;	54	0.05876
Gly74Asp;	55	0.44
none	56	0.32407
none	57	-0.06618
none	58	-1.10777
Ala81Thr;Val80Ile;	59	-0.71346
Asp82Asn;	60	-0.71684
none	61	-0.1574
none	62	0.289207
Ala87Thr;	63	-1.03051
Ala88Thr;	64	0.35674
Phe93Phe;Thr94Ile;	65	-0.07621
Arg92His;	66	0.29121
none	67	-0.3734
Ala95Thr;	68	-0.6755
Gln96Gln;	69	0.12179
Gln96Gln;	70	0.0086
Ala100Thr;Gly99Asp;	71	-0.98327
Val101Ile;	72	-1.06997
Asp102Asn;Val101Ile;	73	-0.01098
Ser104Phe;Leu105Phe;	74	1.05987
Ser104Phe;Leu105Phe;	75	-0.2622
Ser104Ser;Leu105Phe;	76	-0.10407
Leu105Phe;	77	-0.08557
Leu103Leu;	78	0.17725
none	79	-0.49687
Glu109Lys;Arg108Gln;	80	-0.539
Val112Val;	81	0.2491
Gly110Lys;	82	-0.2204
Gly111Ser;Gly110Lys;	83	0.00796
Ser114Ser;Arg115Cys;	84	0.731781
Val112Ile;	85	0.23447
Val121Val;	86	-0.565999
Lys119Lys;Val118Val;	87	-0.50287
Val121Ile;Lys120Lys;Lys119Lys;	88	-0.12584
Leu129Leu;Ser130Ser;Arg131Cys;	89	0.98883
Ser128Asn;	90	-1.42922
Arg131Arg;Ser132Phe;	91	0.06559
Arg131Arg;Ser132Phe;	92	0.17943
none	93	1.14474
Asp136Asn;Lys135Lys;	94	2.27894
Ala138Thr;Arg137Gln;	95	-0.01191
Leu143Phe;	96	0.46883
Phe144Phe;Ser145Ser;	97	-0.40701
none	98	0.43292
none	99	0.18388
Thr148Ile;	100	-0.39791
none	101	-0.09329
none	102	0.6787
none	103	0.605
none	104	0.0801
Gly149Ser;	105	-0.01445
none	106	0.33173
none	107	-0.07791
Exon1:+27;	108	0.741063
Exon2:-16;Exon2:-15;	109	-0.26132
Exon2:-6;Exon2:-5;	110	0.34283
none	111	0.32873
none	112	-0.4329
Thr155Ile;	113	-0.17637
none	114	-0.09133
Gly154Asp;Exon2:-1;	115	-0.30881
none	116	-0.04637
none	117	-0.02224
none	118	0.4242
none	119	0.13059
Asp158Asn;Leu157Leu;	120	0.30644
Ser160Ser;	121	2.18814
Ala163Val;	122	-0.936052
Ala163Val;	123	0.57
Ala163Val;	124	0.240159
Gly161Asn;	125	-0.35554
none	126	-0.45941
none	127	0.2621
Val166Ile;	128	-0.205134
Cys170Cys;Gln171Ter;	129	-0.458437
Cys170Cys;Gln171Ter;	130	-0.18062
Ala169Thr;Gly168Glu;	131	-0.04988
Gly174Asp;	132	1.20208
Val178Val;His179Tyr;Leu180Phe;	133	0.4703
Asp177Asn;Arg176Gln;	134	1.01902
Val178Ile;	135	-0.29725
Val178Ile;	136	0.80119
Ser183Phe;	137	-0.45492
Ser183Phe;	138	0.06808
Ala181Thr;	139	-0.01738
His186Tyr;Ala187Val;	140	-0.29411
Ala187Val;	141	0.28481
Asp185Asn;Glu184Lys;	142	0.11069
Asp185Asn;Glu184Glu;	143	-0.02095
none	144	0.7799
none	145	-1.12255
Ala187Thr;	146	-1.06873
none	147	0.28344
Ala187Thr;	148	0.27147
none	149	0.63913
Gly192Glu;	150	-0.17738
Thr198Ile;	151	-0.33456
Ala199Val;	152	0.50344
Val201Val;	153	-0.03557
Val201Val;Thr202Ile;	154	-0.896107
Ala199Thr;	155	0.24653
Ala199Thr;	156	-0.42021
His204Tyr;	157	-0.39806
Gly207Gly;	158	-0.532779
Gly207Gly;	159	-0.17169
Gly207Gly;	160	-0.010995
Gly207Asp;	161	-0.291791
Gly213Gly;Gln214Ter;	162	0.18032
Thr215Ile;	163	0.555781
Ala218Val;	164	0.20545
Ala218Val;	165	1.07721
Val216Ile;	166	0.27046
Val220Met;Gly219Asn;	167	0.8373
Exon2:+1;Arg223Gln;	168	0.409492
Exon2:+25;	169	0.1511104
Exon2:+25;	170	-0.40159
none	171	0.22048
none	172	0.59268
none	173	0.5499654
none	174	-0.15785
none	175	0.83691
Exon2:+39;	176	0.07753
Exon2:+45;Exon2:+42;	177	-0.336959
Exon2:+45;	178	-0.04035
Exon2:+45;	179	-0.02954
Ser224Ser;	180	0.16005
Leu226Leu;Trp225Ter;	181	1.13265
Leu226Leu;Trp225Ter;	182	0.465
Leu226Leu;	183	-0.84007
Leu226Leu;	184	-0.50145
Leu226Leu;	185	-0.05809
none	186	-0.287835
Arg234Cys;	187	-0.01465
Arg234Arg;	188	0.04613
Asp236Asp;Arg237Cys;	189	-0.46645
Met233Ile;	190	1.01957
none	191	0.335021
Ala242Thr;Val241Val;	192	-0.13646
Asp253Asp;Leu254Leu;His255Tyr;	193	0.29316
Asp253Asn;	194	-0.057924
Leu254Leu;	195	0.55597
none	196	-0.35328
Asp257Asn;	197	-0.713348
Leu261Phe;Leu262Leu;	198	-0.14339
Glu260Lys;Leu259Leu;Ser258Ser;	199	0.042591
Gln263Ter;	200	0.6168
Gln263Ter;Leu264Leu;	201	-0.1492192
Leu262Leu;	202	-0.084309
none	203	0.21921
none	204	0.64618
none	205	0.39163
Exon3:+8;	206	-0.218217
Exon3:+13;Exon3:+14;	207	0.437512
Exon3:+13;Exon3:+14;	208	0.0536
none	209	-0.3708
Exon3:+31;Exon3:+30;Exon3:+29;	210	-0.10797
Exon4:-27;Exon4:-25;	211	0.2145235
Exon4:-7;Exon4:-5;Exon4:-4;	212	0.38826
Leu269Leu;Leu271Leu;	213	-0.13504
Leu271Leu;	214	0.48964
Leu268Leu;Lys267Lys;	215	0.546184
Leu272Leu;	216	-0.135037
Leu271Leu;Trp270Ter;	217	0.471157
Asp274Asp;Leu275Leu;	218	-0.05094
Leu278Leu;	219	0.03533
Leu278Leu;	220	-0.540933
Exon4:+3;	221	-0.460778
none	222	0.22838
Exon4:+1;Arg280Lys;	223	0.2902429
none	224	-1.20206
Exon4:+19;Exon4:+20;	225	-0.02264
Exon4:+24;Exon4:+27;	226	-0.11199
Exon4:+24;Exon4:+27;	227	0.25994
Exon4:+27;Exon4:+29;	228	0.8665
Exon4:+27;Exon4:+29;Exon4:+30;	229	0.163154
Exon4:+27;Exon4:+29;Exon4:+30;	230	0.3073
none	231	-0.61835
none	232	0.07993
Exon4:+38;Exon4:+37;Exon4:+35;	233	0.23822
Exon4:+46;Exon4:+45;Exon4:+44;	234	-1.80982
none	235	0.25217
Exon5:-9;Exon5:-5;	236	0.04582
none	237	-0.54182
Tyr281Tyr;	238	-0.32697
none	239	-0.02004
Pro282Pro;	240	0.2916
Met283Ile;	241	-0.15056
Asn287Asn;Leu288Leu;	242	0.4105
Ala284Thr;	243	0.6577
Ala289Val;	244	0.46445
Gly286Gly;	245	0.47158
none	246	0.25403
Leu288Leu;	247	-0.272825
Asp290Asn;	248	0.28534
none	249	-0.00599
Glu293Lys;Glu292Glu;	250	0.07079
Leu304Phe;	251	0.81053
Asp302Asn;	252	1.14824
Asp302Asn;	253	0.329771
Leu304Leu;Thr305Ile;Leu306Phe;	254	-0.71932
Thr305Ile;Leu306Phe;	255	-0.07525
Thr305Ile;Leu306Phe;	256	0.166702
none	257	-0.2251
Thr305Thr;Leu306Phe;	258	0.234077
none	259	0.164963
none	260	-0.508799
none	261	0.55906
His308His;	262	0.28838
none	263	-0.13981
none	264	-0.16814
none	265	0.11879
none	266	-0.172293
none	267	0.23308
Exon5:+11;	268	0.49091
Exon5:+11;	269	-0.14237
Exon5:+6;Exon5:+5;Exon5:+4;Exon5:+3;	270	0.11475
Exon5:+7;Exon5:+6;Exon5:+5;Exon5:+4;Exon5:+3;	271	-0.48638
none	272	0.47592
none	273	-0.558042
Exon5:+34;Exon5:+35;Exon5:+36;	274	0.14679
Exon6:-19;Exon6:-16;Exon6:-15;	275	-0.27119
Exon6:-16;Exon6:-15;	276	0.69442
none	277	0.810568
Gly310Asn;Exon6:-1;	278	0.3259
Ser313Leu;Ala314Val;	279	-0.5995
Ala314Val;	280	-0.70753
Ala312Thr;	281	0.306772
none	282	0.30581
Ala314Thr;	283	0.51201
none	284	0.37058
Asp320Asn;Arg319Gln;	285	0.27741
Ile323Ile;Tyr324Tyr;Pro325Ser;	286	0.14882
none	287	-0.04854
Pro325Phe;	288	0.7247
Gly331Ser;Ala330Thr;Leu329Leu;	289	0.17559
Gly331Asn;Ala330Thr;	290	0.95546
Gly331Asn;	291	2.29529
Arg335Cys;	292	0.423625
Arg335Cys;	293	-1.11385
Cys334Tyr;	294	0.27623
Arg340Trp;	295	1.09803
none	296	-0.49605
none	297	0.34618
Val339Met;	298	0.14269
Ala342Val;Leu343Leu;	299	0.8329
Gln344Ter;	300	-0.078256
Ala342Thr;	301	0.10482
Asp348Asp;Thr349Met;	302	1.86887
Asp348Asn;Ala347Ala;	303	0.40897
Asp348Asn;Ala347Ala;	304	0.94605
Thr351Ile;	305	0.36852
none	306	-0.6274
none	307	0.23935
none	308	-0.23036
Exon6:+3;Exon6:+1;	309	0.21766
none	310	0.2129
Exon6:+28;Exon6:+25;	311	0.27685
Exon6:+28;Exon6:+25;	312	0.00333
Exon6:+28;	313	0.7191
Exon6:+28;	314	0.07484
none	315	1.16776
none	316	-1.162253
Exon7:-3;Asp355Asp;	317	0.1156
Exon7:-3;Asp355Asp;	318	0.08828
Exon7:-10;	319	0.44454
Exon7:-10;	320	0.818277
Asn357Asn;Tyr358Tyr;	321	0.63889
Exon7:-1;	322	0.59597
Exon7:-1;	323	0.724101
none	324	-0.07862
Asp362Asp;	325	-0.538985
Glu364Glu;	326	0.75547
Val376Val;Ile377Ile;Pro378Ser;	327	0.51575
Ile377Ile;Pro378Phe;	328	0.62698
none	329	-0.495089
none	330	0.60017
Ala384Val;	331	0.43937
Ala385Val;	332	0.92721
Ala385Val;	333	0.4702
Ala384Thr;Glu383Lys;Lys382Lys;	334	-0.0927
Ala384Thr;Glu383Lys;	335	0.267497
Ala384Thr;Glu383Glu;	336	-0.050774
Ser386Ser;Leu388Leu;	337	0.22041
Ala385Thr;	338	-0.02615
none	339	0.0035
Ala390Val;	340	-0.25498
Ala390Val;	341	-0.0965866
Ala390Val;Gly391Gly;	342	0.02907
Gly391Gly;	343	-0.144748
Gly391Asn;Ala390Ala;	344	0.96697
Pro395Leu;	345	0.13848
Gln398Ter;	346	0.16266
Ser399Ser;	347	-0.33415
Exon7:+1;Gln400Gln;	348	-0.706735
Exon7:+14;Exon7:+12;	349	0.05911
Exon7:+28;	350	-1.168081
Exon7:+29;Exon7:+32;Exon7:+33;	351	0.22126
Exon7:+32;Exon7:+33;	352	-0.108665
none	353	-0.37209
none	354	-0.8167
Exon7:+47;Exon7:+43;	355	0.53014
Exon8:-18;Exon8:-17;Exon8:-16;	356	0.393354
Exon8:-18;Exon8:-17;Exon8:-16;	357	0.331377
Exon8:-3;	358	0.86384
Exon8:-6;	359	-0.64001
Exon8:-6;	360	-0.20289
Gly401Asn;Exon8:-1;	361	0.27444
Gly401Asn;Exon8:-1;	362	-0.25638
Ser404Ser;Gln405Ter;	363	0.0136
none	364	0.56865
none	365	0.42463
Gln403Gln;	366	-0.275101
Gln403Gln;	367	0.01519
Gly406Ser;	368	0.824276
Ala408Thr;	369	-0.09612
Ala408Thr;	370	0.31905
Asp411Asn;Gln410Gln;	371	0.0523
Glu413Lys;	372	0.28579
Cys414Tyr;Glu413Glu;	373	0.4466807
Cys414Tyr;Glu413Glu;	374	0.826305
Ala416Thr;	375	0.21701
Leu418Leu;Leu419Leu;	376	0.09842
none	377	-0.024272
Tyr422Tyr;Asp423Asp;	378	0.216299
Tyr422Tyr;Asp423Asp;	379	0.53076
Asp423Asp;Gly424Gly;	380	0.56847
none	381	-0.61931
Gly424Gly;Ile425Ile;	382	0.0747
Asp423Asn;	383	0.159987
Ile425Ile;	384	0.99464
Gly424Ser;Asp423Asn;	385	-0.26925
Pro433Pro;Thr434Met;Pro435Ser;	386	0.05927
Thr434Met;Pro435Phe;	387	0.1194
Pro435Leu;	388	0.134
Leu437Leu;	389	-0.77891
Val439Met;	390	0.107
Val439Ile;	391	-0.72627
Trp441Ter;Gly440Asn;	392	0.343144
Leu445Phe;	393	0.22674
Gln447Gln;	394	0.40862
none	395	1.0851
Gly454Lys;Glu453Glu;	396	-1.0156
none	397	-0.038138
Gly454Lys;Glu453Glu;	398	0.412788
Exon8:+9;Exon8:+12;	399	0.1911069
Exon8:+9;Exon8:+12;	400	-0.13346
Exon8:+3;Exon8:+1;Gln455Gln;	401	-0.07097
none	402	0.3561
Exon8:+24;	403	-0.4691441
Exon9:-18;Exon9:-16;	404	-0.09044
Exon9:-5;Exon9:-4;Exon9:-3;	405	-0.326135
Exon9:-6;Exon9:-7;	406	0.744514
Arg457Gln;Val456Val;	407	0.03579
Arg457Gln;Val456Val;	408	-0.38534
Arg457Gln;	409	0.28365
Arg461Cys;	410	0.00142
Val460Ile;Lys459Lys;	411	-0.7406172
none	412	0.266
Val460Ile;Lys459Lys;	413	0.88713
Ser464Ser;Arg465Ter;	414	0.7
none	415	0.00881
Ala467Ala;	416	-0.14882
Ala470Val;	417	0.0357
Ala470Ala;	418	-0.18651
Ala472Val;	419	0.45741
Ala472Ala;	420	0.19532
Glu471Lys;Ala470Thr;Ala469Ala;	421	0.08396
Pro475Leu;	422	-0.22746
Glu473Lys;	423	-0.19177
none	424	0.54616
Gly477Gly;	425	-0.229394
none	426	0.33113
Trp476Ter;Pro475Pro;	427	0.20711
Ala480Val;	428	0.2633
Glu478Lys;Gly477Asp;	429	0.37883
Ala480Ala;Arg481Trp;	430	0.5189361
Arg481Trp;	431	0.014857
Arg481Gln;Ala480Thr;	432	0.13037
Gly483Gly;Arg484Trp;	433	0.04116
Arg485Trp;	434	-0.13965
Arg485Trp;Arg486Trp;	435	-0.97028
Gly487Ser;Arg486Gln;Arg485Arg;	436	0.30955
Arg490Trp;	437	-0.01856
Arg489Gln;	438	-0.1346
Lys493Lys;	439	-0.521
Lys493Lys;	440	0.07469
Pro500Phe;	441	0.04319
Pro498Pro;	442	1.131761
Pro503Ser;	443	0.25542
Pro503Leu;	444	-0.14007
Pro499Pro;	445	0.48041
Ala504Val;Leu505Leu;	446	-0.73295
Ala504Val;Leu505Leu;	447	-0.22051
Lys502Lys;	448	0.347627
Lys502Lys;	449	-0.17031
Ala504Thr;Lys502Lys;	450	-0.2962
Asp506Asp;	451	-0.76228
Ala504Thr;	452	0.56608
Ala504Thr;	453	0.431023
Gly508Gly;Leu509Leu;	454	0.79957
Gly508Gly;Leu509Leu;	455	0.61176
Asp506Asn;Leu505Leu;	456	-0.88104
Asp506Asn;Leu505Leu;	457	0.36014
Gly508Asn;	458	0.386057
Gly512Gly;Gln513Ter;	459	1.418462
Ala515Val;	460	0.07783
Ala515Thr;Gly514Asn;Gln513Gln;	461	0.91627
Pro519Phe;Pro520Phe;	462	-0.0821
Pro519Leu;Pro520Phe;	463	-0.10599
Val516Val;	464	-0.7936
Gly518Lys;	465	-0.95137
Pro523Phe;Pro524Phe;	466	0.09153
Val527Val;Ala528Val;	467	0.03314
Gly525Lys;	468	0.13085
Gly525Lys;	469	-0.47277
Gly525Lys;	470	0.667755
Gly525Lys;	471	-0.22846
Gly525Glu;	472	0.2749
Val527Ile;Gly525Gly;	473	0.848494
Thr530Ile;Ala531Val;	474	0.09564
Ala531Val;Arg532Ter;	475	0.5031882
Gly529Asn;Ala528Thr;	476	0.03804
Gly529Asn;	477	-0.24369
Gly533Gly;Pro534Phe;	478	0.23425
none	479	-0.436566
Gly537Asn;Gly536Asp;	480	0.31921
Gly537Asn;	481	-0.3189
Ala540Thr;Thr539Thr;	482	0.39243
Ala540Thr;Thr539Thr;	483	-0.30842
Pro545Pro;Thr546Ile;	484	-1.5482
Ala547Val;	485	0.3645116
Ala547Val;Ser548Leu;	486	-0.58273
Pro550Pro;	487	-0.30255
Pro551Pro;Pro550Pro;	488	0.02957
Val555Met;	489	0.13545
Val555Ile;	490	-1.01628
Phe558Phe;Gln559Ter;	491	0.28605
Gln559Ter;	492	0.9967
none	493	-0.75033
none	494	0.6669
Ser560Asn;Gln559Gln;	495	1.10147
Gly565Gly;	496	0.4867
Gly565Ser;Lys564Lys;Met563Ile;	497	0.16127
Ala579Ala;Ile580Ile;	498	0.28917
Ser578Asn;Ser577Ser;	499	0.15696
Ala579Thr;Ser578Asn;	500	0.83452
Thr585Thr;	501	-0.3726963
Thr604Ile;Leu605Leu;	502	-0.056935
none	503	0.53292
Leu605Leu;	504	-0.229748
Leu605Leu;	505	0.12097
Leu608Phe;	506	0.2239347
Leu605Leu;	507	-0.35284
none	508	-0.14527
Gly614Gly;	509	0.36148
Gly614Gly;Leu615Phe;	510	0.51916
Gly614Ser;	511	0.29728
utr;	512	-0.47399
utr;	513	0.172223
utr;	514	0.49504
utr;utr;	515	0.16849
utr;utr;utr;	516	0.27099
utr;utr;	517	-0.272788
utr;utr;	518	0.2680156